,fixed acidity,volatile acidity,citric acid,residual sugar,chlorides,free sulfur dioxide,total sulfur dioxide,density,pH,sulphates,alcohol,quality,Type
2732,7.4,0.17,0.29,1.4,0.047,23,107,0.9939,3.52,0.65,10.4,6,White Wine
2607,5.3,0.31,0.38,10.5,0.031,53,140,0.99321,3.34,0.46,11.7,6,White Wine
1653,4.7,0.145,0.29,1,0.042,35,90,0.9908,3.76,0.49,11.3,6,White Wine
3264,6.9,0.26,0.29,4.2,0.043,33,114,0.9902,3.16,0.31,12.5,6,White Wine
4931,6.4,0.45,0.07,1.1,0.03,10,131,0.9905,2.97,0.28,10.8,5,White Wine
4859,8.4,0.32,0.35,11.7,0.029,3,46,0.99439,3.02,0.34,11.8,6,White Wine
5827,7.4,0.3,0.22,5.25,0.053,33,180,0.9926,3.13,0.45,11.6,6,White Wine
1033,7,0.32,0.29,7.6,0.025,35,124,0.99162,3.15,0.65,12.8,7,White Wine
4373,6.7,0.46,0.27,5.2,0.039,35,96,0.99129,3.16,0.44,12.4,7,White Wine
5874,6.4,0.25,0.3,5.5,0.038,15,129,0.9948,3.14,0.49,9.6,6,White Wine
5924,6,0.51,0,2.1,0.064,40,54,0.995,3.54,0.93,10.7,6,Red Wine
3468,7.8,0.3,0.29,16.85,0.054,23,135,0.9998,3.16,0.38,9,6,White Wine
6458,6.7,0.31,0.31,9.9,0.04,10,175,0.9953,3.46,0.55,11.4,4,White Wine
705,6.8,0.69,0,5.6,0.124,21,58,0.9997,3.46,0.72,10.2,5,Red Wine
2599,7.3,0.48,0.32,2.1,0.062,31,54,0.99728,3.3,0.65,10,7,Red Wine
2135,6.9,0.33,0.26,5,0.027,46,143,0.9924,3.25,0.43,11.2,7,White Wine
2222,6.2,0.36,0.24,2.2,0.095,19,42,0.9946,3.57,0.57,11.7,6,Red Wine
2897,7.1,0.38,0.4,2.2,0.042,54,201,0.99177,3.03,0.5,11.4,5,White Wine
1701,9.3,0.655,0.26,2,0.096,5,35,0.99738,3.25,0.42,9.6,5,Red Wine
537,7.8,0.25,0.34,13.7,0.044,66,184,0.99976,3.22,0.75,8.9,5,White Wine
2893,7.4,0.19,0.3,12.8,0.053,48.5,229,0.9986,3.14,0.49,9.1,7,White Wine
6216,6.5,0.22,0.19,1.1,0.064,36,191,0.99297,3.05,0.5,9.5,6,White Wine
6036,8.1,0.66,0.7,2.2,0.098,25,129,0.9972,3.08,0.53,9,5,Red Wine
2163,7.8,0.31,0.4,1.6,0.027,20,87,0.9911,3.15,0.48,11.9,6,White Wine
5072,6.6,0.3,0.24,1.2,0.034,17,121,0.9933,3.13,0.36,9.2,5,White Wine
4851,6.8,0.65,0.02,2.1,0.078,8,15,0.99498,3.35,0.62,10.4,6,Red Wine
2046,6.1,0.59,0.01,2.1,0.056,5,13,0.99472,3.52,0.56,11.4,5,Red Wine
1871,7.1,0.65,0.18,1.8,0.07,13,40,0.997,3.44,0.6,9.1,5,Red Wine
2496,6.4,0.35,0.28,1.1,0.055,9,160,0.99405,3.42,0.5,9.1,7,White Wine
99,7,0.36,0.35,2.5,0.048,67,161,0.99146,3.05,0.56,11.1,6,White Wine
2008,5.4,0.46,0.15,2.1,0.026,29,130,0.98953,3.39,0.77,13.4,8,White Wine
755,7.2,0.38,0.3,1.8,0.073,31,70,0.99685,3.42,0.59,9.5,6,Red Wine
797,7.4,0.16,0.3,13.7,0.056,33,168,0.99825,2.9,0.44,8.7,7,White Wine
659,6.2,0.37,0.24,6.1,0.032,19,86,0.98934,3.04,0.26,13.4,8,White Wine
3219,7,0.23,0.32,1.8,0.048,25,113,0.9915,3.11,0.47,11.1,6,White Wine
423,7.4,0.785,0.19,5.2,0.094,19,98,0.99713,3.16,0.52,9.566666667,6,Red Wine
3337,6,0.28,0.24,17.8,0.047,42,111,0.99896,3.1,0.45,8.9,6,White Wine
2745,8.4,0.62,0.12,1.8,0.072,38,46,0.99504,3.38,0.89,11.8,6,Red Wine
4735,9.6,0.38,0.42,1.9,0.071,5,13,0.99659,3.15,0.75,10.5,6,Red Wine
544,5.9,0.62,0.28,3.5,0.039,55,152,0.9907,3.44,0.44,12,6,White Wine
714,6.9,0.29,0.3,8.2,0.026,35,112,0.99144,3,0.37,12.3,6,White Wine
2292,7.6,0.35,0.46,14.7,0.047,33,151,0.99709,3.03,0.53,10.3,5,White Wine
151,6.7,0.28,0.14,1.4,0.043,64,159,0.992,3.17,0.39,10,5,White Wine
2723,8.2,0.64,0.27,2,0.095,5,77,0.99747,3.13,0.62,9.1,6,Red Wine
3531,6.1,0.33,0.32,7.8,0.052,52,183,0.99657,3.39,0.65,9.5,5,White Wine
2930,6.6,0.17,0.35,2.6,0.03,33,78,0.99146,3.22,0.72,11.3,6,White Wine
1207,8.3,0.26,0.41,9.2,0.042,41,162,0.9944,3.1,0.38,12,7,White Wine
6172,6.5,0.23,0.36,16.3,0.038,43,133,0.99924,3.26,0.41,8.8,5,White Wine
802,6.8,0.47,0.08,2.2,0.064,18,38,0.99553,3.3,0.65,9.6,6,Red Wine
2176,7.1,0.26,0.32,14.45,0.074,29,107,0.998,2.96,0.42,9.2,6,White Wine
2176,7.1,0.26,0.32,14.45,0.074,29,107,0.998,2.96,0.42,9.2,6,White Wine
1956,4.9,0.345,0.34,1,0.068,32,143,0.99138,3.24,0.4,10.1,5,White Wine
6021,6.8,0.64,0,2.7,0.123,15,33,0.99538,3.44,0.63,11.3,6,Red Wine
3622,7.6,0.95,0.03,2,0.09,7,20,0.9959,3.2,0.56,9.6,5,Red Wine
3560,9.8,0.42,0.48,9.85,0.034,5,110,0.9958,2.87,0.29,10,5,White Wine
756,8.3,0.26,0.31,2,0.029,14,141,0.99077,2.95,0.77,12.2,6,White Wine
4369,6.4,0.38,0.14,2.2,0.038,15,25,0.99514,3.44,0.65,11.1,6,Red Wine
6479,7.6,0.31,0.29,10.5,0.04,21,145,0.9966,3.04,0.35,9.4,5,White Wine
4484,10.4,0.55,0.23,2.7,0.091,18,48,0.9994,3.22,0.64,10.3,6,Red Wine
1641,7.5,0.42,0.31,1.6,0.08,15,42,0.9978,3.31,0.64,9,5,Red Wine
3114,7.4,0.19,0.31,14.5,0.045,39,193,0.9986,3.1,0.5,9.2,6,White Wine
5562,7.2,0.08,0.49,1.3,0.05,18,148,0.9945,3.46,0.44,10.2,6,White Wine
4984,6.1,0.24,0.26,1.7,0.033,61,134,0.9903,3.19,0.81,11.9,7,White Wine
4353,7.6,0.38,0.28,4.2,0.029,7,112,0.9906,3,0.41,12.6,6,White Wine
5441,6,0.19,0.37,9.7,0.032,17,50,0.9932,3.08,0.66,12,6,White Wine
4071,6.8,0.64,0.1,2.1,0.085,18,101,0.9956,3.34,0.52,10.2,5,Red Wine
4009,6.7,0.4,0.22,8.8,0.052,24,113,0.99576,3.22,0.45,9.4,5,White Wine
2105,7.3,0.21,0.49,1.8,0.038,44,152,0.9912,3.32,0.44,12.6,7,White Wine
6435,8.8,0.37,0.48,2.1,0.097,39,145,0.9975,3.04,1.03,9.3,5,Red Wine
3942,6.8,0.3,0.27,11.6,0.028,22,97,0.99314,2.96,0.38,11.7,6,White Wine
3191,6.7,0.5,0.36,11.5,0.096,18,92,0.99642,3.11,0.49,9.6,5,White Wine
430,9.3,0.2,0.33,1.7,0.05,28,178,0.9954,3.16,0.43,9,4,White Wine
4187,8.2,0.26,0.44,1.3,0.046,7,69,0.9944,3.14,0.62,10.2,4,White Wine
6016,6.6,0.2,0.14,4.4,0.184,35,168,0.99396,2.93,0.45,9.4,6,White Wine
2446,7.4,0.49,0.27,2.1,0.071,14,25,0.99388,3.35,0.63,12,6,Red Wine
2659,8.6,0.37,0.7,12.15,0.039,21,158,0.9983,3,0.73,9.3,6,White Wine
1589,7.2,0.21,0.36,15.7,0.045,68,183,0.99922,3.25,0.76,9.4,5,White Wine
2956,6.5,0.3,0.32,2,0.044,34,90,0.99185,3.37,0.68,11,7,White Wine
2681,5.8,0.27,0.27,12.3,0.045,55,170,0.9972,3.28,0.42,9.3,6,White Wine
4180,6.6,0.19,0.99,1.2,0.122,45,129,0.9936,3.09,0.31,8.7,6,White Wine
2251,6,0.27,0.31,5,0.043,54,170,0.9924,3.28,0.52,11,6,White Wine
4420,7.7,0.58,0.01,1.8,0.088,12,18,0.99568,3.32,0.56,10.5,7,Red Wine
4870,15.6,0.685,0.76,3.7,0.1,6,43,1.0032,2.95,0.68,11.2,7,Red Wine
1071,7.8,0.7,0.06,1.9,0.079,20,35,0.99628,3.4,0.69,10.9,5,Red Wine
4735,9.6,0.38,0.42,1.9,0.071,5,13,0.99659,3.15,0.75,10.5,6,Red Wine
6132,6.5,0.29,0.31,1.7,0.035,24,79,0.99053,3.27,0.69,11.4,7,White Wine
5251,7.4,0.24,0.26,1.6,0.058,53,150,0.9936,3.18,0.5,9.9,7,White Wine
5068,6.6,0.84,0.03,2.3,0.059,32,48,0.9952,3.52,0.56,12.3,7,Red Wine
1204,6.9,0.4,0.22,5.95,0.081,76,303,0.99705,3.4,0.57,9.4,5,White Wine
6120,7,0.29,0.37,1.6,0.035,34,126,0.99058,3.26,0.47,12.3,6,White Wine
3918,7.6,0.9,0.06,2.5,0.079,5,10,0.9967,3.39,0.56,9.8,5,Red Wine
1167,5.7,0.21,0.37,4.5,0.04,58,140,0.99332,3.29,0.62,10.6,6,White Wine
1684,6.7,0.16,0.49,2.4,0.046,57,187,0.9952,3.62,0.81,10.4,6,White Wine
3299,4.9,0.345,0.34,1,0.068,32,143,0.99138,3.24,0.4,10.1,5,White Wine
2767,6.1,0.27,0.44,6.7,0.041,61,230,0.99505,3.12,0.4,8.9,5,White Wine
2957,7.9,0.42,0.49,8.2,0.056,32,164,0.9965,3.29,0.6,11.2,7,White Wine
4469,7.1,0.21,0.72,1.6,0.167,65,120,0.99324,2.97,0.51,9.2,5,White Wine
5973,8.7,0.45,0.4,1.5,0.067,17,100,0.9957,3.27,0.57,10.1,6,White Wine
560,4.7,0.785,0,3.4,0.036,23,134,0.98981,3.53,0.92,13.8,6,White Wine
5425,7.2,0.44,0.28,3.4,0.048,22,112,0.99188,3.21,0.37,11.3,7,White Wine
1605,7.3,0.25,0.26,7.2,0.048,52,207,0.99587,3.12,0.37,9.2,5,White Wine
6313,8.7,0.69,0,3.2,0.084,13,33,0.9992,3.36,0.45,9.4,5,Red Wine
5795,7.6,0.27,0.42,2.6,0.044,29,110,0.9912,3.31,0.51,12.7,6,White Wine
1472,7.6,0.4,0.27,1.2,0.053,23,193,0.99164,3.22,0.38,11.6,5,White Wine
3678,6.9,0.27,0.49,23.5,0.057,59,235,1.0024,2.98,0.47,8.6,5,White Wine
256,5.8,0.23,0.27,1.8,0.043,24,69,0.9933,3.38,0.31,9.4,6,White Wine
6001,7.1,0.2,0.37,1.5,0.049,28,129,0.99226,3.15,0.52,10.8,5,White Wine
3762,10.2,0.645,0.36,1.8,0.053,5,14,0.9982,3.17,0.42,10,6,Red Wine
5412,6.2,0.15,0.49,0.9,0.033,17,51,0.9932,3.3,0.7,9.4,6,White Wine
1954,9.5,0.59,0.44,2.3,0.071,21,68,0.9992,3.46,0.63,9.5,5,Red Wine
816,6.2,0.28,0.22,7.3,0.041,26,157,0.9957,3.44,0.64,9.8,7,White Wine
2435,7.7,0.24,0.31,1.3,0.047,33,106,0.993,3.22,0.55,10.8,6,White Wine
1634,6.9,0.23,0.4,7.5,0.04,50,151,0.9927,3.11,0.27,11.4,6,White Wine
973,6.5,0.28,0.28,20.4,0.041,40,144,1.0002,3.14,0.38,8.7,5,White Wine
4464,7.4,0.23,0.25,1.4,0.049,43,141,0.9934,3.42,0.54,10.2,7,White Wine
2023,6.5,0.33,0.38,2.5,0.047,30,148,0.98964,3.17,0.43,12.7,6,White Wine
2965,10.1,0.65,0.37,5.1,0.11,11,65,1.0026,3.32,0.64,10.4,6,Red Wine
201,6.9,0.18,0.3,2,0.038,39,190,0.9914,3.32,0.37,12.2,6,White Wine
2431,7.7,0.32,0.62,10.6,0.036,56,153,0.9978,3.13,0.44,8.9,6,White Wine
5632,7.1,0.59,0.01,2.3,0.08,27,43,0.9955,3.42,0.58,10.7,6,Red Wine
6026,8.5,0.21,0.52,1.9,0.09,9,23,0.99648,3.36,0.67,10.4,5,Red Wine
2418,6.9,0.37,0.23,9.5,0.057,54,166,0.99568,3.23,0.42,10,5,White Wine
4651,6.1,0.36,0.27,2.1,0.035,16,100,0.9917,3.4,0.71,11.5,7,White Wine
5050,7.4,0.63,0.07,2.4,0.09,11,37,0.9979,3.43,0.76,9.7,6,Red Wine
3455,8.1,0.43,0.42,6.6,0.033,36,141,0.9918,2.98,0.39,13.3,7,White Wine
6167,7,0.17,0.33,4,0.034,17,127,0.9934,3.19,0.39,10.6,7,White Wine
5819,11.1,0.31,0.53,2.2,0.06,3,10,0.99572,3.02,0.83,10.9,7,Red Wine
4226,6.3,0.28,0.29,6.8,0.051,40,143,0.99374,3.43,0.59,11,6,White Wine
6242,6.4,0.2,0.32,3.1,0.041,18,126,0.9914,3.43,0.42,12,6,White Wine
931,7.9,0.4,0.29,1.8,0.157,1,44,0.9973,3.3,0.92,9.5,6,Red Wine
6267,6,0.52,0.33,7.7,0.046,24,119,0.99224,3.04,0.38,11,6,White Wine
1987,9.3,0.38,0.48,3.8,0.132,3,11,0.99577,3.23,0.57,13.2,6,Red Wine
6062,7.2,0.34,0.32,2.5,0.09,43,113,0.9966,3.32,0.79,11.1,5,Red Wine
2787,5.9,0.26,0.29,5.4,0.046,34,116,0.99224,3.24,0.41,11.4,6,White Wine
4305,6.8,0.15,0.41,12.9,0.044,79.5,183,0.99742,3.24,0.78,10.2,6,White Wine
2610,6.8,0.26,0.33,1.5,0.047,44,167,0.9928,3.12,0.44,10.5,6,White Wine
5531,7.6,0.48,0.28,10.4,0.049,57,205,0.99748,3.24,0.45,9.3,5,White Wine
4182,7.6,0.2,0.3,14.2,0.056,53,212.5,0.999,3.14,0.46,8.9,8,White Wine
4968,7.5,0.23,0.32,9.2,0.038,54,191,0.9966,3.04,0.56,9.7,6,White Wine
2059,6.4,0.3,0.36,2,0.052,18,141,0.99273,3.38,0.53,10.5,6,White Wine
307,7.4,0.2,0.29,1.7,0.047,16,100,0.99243,3.28,0.45,10.6,6,White Wine
5200,9.1,0.76,0.68,1.7,0.414,18,64,0.99652,2.9,1.33,9.1,6,Red Wine
6176,5.7,0.16,0.26,6.3,0.043,28,113,0.9936,3.06,0.58,9.9,6,White Wine
5302,6.8,0.32,0.39,9.6,0.026,34,124,0.99286,3.18,0.35,12.1,6,White Wine
1152,7,0.16,0.73,1,0.138,58,150,0.9936,3.08,0.3,9.2,5,White Wine
275,5.7,0.27,0.32,1.2,0.046,20,155,0.9934,3.8,0.41,10.2,6,White Wine
5294,7.4,0.635,0.1,2.4,0.08,16,33,0.99736,3.58,0.69,10.8,7,Red Wine
5674,10.6,0.48,0.64,2.2,0.111,6,20,0.997,3.26,0.66,11.7,6,Red Wine
5491,9.9,0.35,0.55,2.1,0.062,5,14,0.9971,3.26,0.79,10.6,5,Red Wine
1208,7.7,0.66,0.04,1.6,0.039,4,9,0.9962,3.4,0.47,9.4,5,Red Wine
2492,6.8,0.3,0.26,20.3,0.037,45,150,0.99727,3.04,0.38,12.3,6,White Wine
2536,6.8,0.18,0.21,5.4,0.053,34,104,0.99445,3.3,0.43,9.4,5,White Wine
6430,8.2,0.4,0.44,2.8,0.089,11,43,0.9975,3.53,0.61,10.5,6,Red Wine
5400,5.8,0.32,0.28,4.3,0.032,46,115,0.98946,3.16,0.57,13,8,White Wine
637,8,0.19,0.36,1.8,0.05,16,84,0.9936,3.15,0.45,9.8,7,White Wine
770,6.8,0.18,0.3,12.8,0.062,19,171,0.99808,3,0.52,9,7,White Wine
94,7.2,0.23,0.39,14.2,0.058,49,192,0.9979,2.98,0.48,9,7,White Wine
3298,6.7,0.12,0.36,2.3,0.039,43,125,0.99229,3.07,0.67,10.1,7,White Wine
5995,6.2,0.28,0.33,1.7,0.029,24,111,0.99,3.24,0.5,12.1,6,White Wine
6000,7.3,0.22,0.41,15.4,0.05,55,191,1,3.32,0.59,8.9,6,White Wine
2344,9.1,0.28,0.49,2,0.059,10,112,0.9958,3.15,0.46,10.1,5,White Wine
5448,7.1,0.27,0.6,2.1,0.074,17,25,0.99814,3.38,0.72,10.6,6,Red Wine
3091,6.9,0.24,0.4,15.4,0.052,81,198,0.9986,3.2,0.69,9.4,5,White Wine
4703,7.2,0.24,0.27,1.4,0.038,31,122,0.9927,3.15,0.46,10.3,6,White Wine
3912,5.6,0.26,0,10.2,0.038,13,111,0.99315,3.44,0.46,12.4,6,White Wine
1434,6.7,0.2,0.41,9.1,0.044,50,166,0.9954,3.14,0.58,9.8,6,White Wine
5368,9.1,0.4,0.57,4.6,0.08,6,20,0.99652,3.28,0.57,12.5,6,Red Wine
180,7.1,0.18,0.39,15.25,0.047,45,158,0.99946,3.34,0.77,9.1,6,White Wine
2371,8.1,1.33,0,1.8,0.082,3,12,0.9964,3.54,0.48,10.9,5,Red Wine
3854,5,0.55,0.14,8.3,0.032,35,164,0.9918,3.53,0.51,12.5,8,White Wine
4845,5.9,0.19,0.26,7.4,0.034,33,123,0.995,3.49,0.42,10.1,6,White Wine
2187,6.7,0.41,0.27,2.6,0.033,25,85,0.99086,3.05,0.34,11.7,6,White Wine
5116,6.6,0.56,0.15,10,0.037,38,157,0.99642,3.28,0.52,9.4,5,White Wine
2646,6.6,0.29,0.44,9,0.053,62,178,0.99685,3.02,0.45,8.9,5,White Wine
3533,6.7,0.3,0.5,12.1,0.045,38,127,0.9974,3.04,0.53,8.9,6,White Wine
2937,9.6,0.77,0.12,2.9,0.082,30,74,0.99865,3.3,0.64,10.4,6,Red Wine
1645,8.4,0.2,0.38,11.8,0.055,51,170,1.0004,3.34,0.82,8.9,6,White Wine
4939,6.2,0.12,0.34,1.5,0.045,43,117,0.9939,3.42,0.51,9,6,White Wine
1552,5.9,0.36,0.04,5.7,0.046,21,87,0.9934,3.22,0.51,10.2,5,White Wine
3224,5.6,0.19,0.46,1.1,0.032,33,115,0.9909,3.36,0.5,10.4,6,White Wine
5021,6.7,0.48,0.49,2.9,0.03,28,122,0.98926,3.13,0.4,13,6,White Wine
2197,9,0.58,0.25,2,0.104,8,21,0.99769,3.27,0.72,9.6,5,Red Wine
1134,8.5,0.19,0.49,3.5,0.044,29,117,0.9938,3.14,0.51,10.1,6,White Wine
25,8.1,0.28,0.34,1.3,0.035,11,126,0.99232,3.14,0.5,9.8,6,White Wine
1488,7.1,0.68,0,2.3,0.087,17,26,0.99783,3.45,0.53,9.5,5,Red Wine
956,5.8,0.28,0.66,9.1,0.039,26,159,0.9965,3.66,0.55,10.8,5,White Wine
1913,6.4,0.62,0.12,4.7,0.06,33,196,0.99556,3.22,0.48,8.9,5,White Wine
2934,5.9,0.28,0.14,8.6,0.032,30,142,0.99542,3.28,0.44,9.5,6,White Wine
5237,7.4,0.64,0.07,1.8,0.1,8,23,0.9961,3.3,0.58,9.6,5,Red Wine
1469,5.9,0.25,0.25,11.3,0.052,30,165,0.997,3.24,0.44,9.5,6,White Wine
5715,6.4,0.865,0.03,3.2,0.071,27,58,0.995,3.61,0.49,12.7,6,Red Wine
2721,5.3,0.2,0.31,3.6,0.036,22,91,0.99278,3.41,0.5,9.8,6,White Wine
1896,8.6,0.33,0.34,11.8,0.059,42,240,0.99882,3.17,0.52,10,6,White Wine
928,8.3,0.4,0.41,8.2,0.05,15,122,0.9979,3.39,0.49,9.3,5,White Wine
5627,6.1,0.21,0.4,1.4,0.066,40.5,165,0.9912,3.25,0.59,11.9,6,Red Wine
2811,6.6,0.56,0.16,3.1,0.045,28,92,0.994,3.12,0.35,9.1,6,White Wine
6265,7.6,0.36,0.49,11.3,0.046,87,221,0.9984,3.01,0.43,9.2,5,White Wine
5446,6.2,0.2,0.28,1.1,0.039,24,78,0.9899,3.36,0.47,12.1,6,White Wine
469,5.9,0.32,0.19,14.5,0.042,37,115,0.99684,3.16,0.43,10.3,5,White Wine
2335,7,0.2,0.4,1.1,0.058,30,93,0.99322,3.03,0.38,9.2,6,White Wine
525,6.9,0.34,0.49,7.3,0.045,61,206,0.9957,3.09,0.4,9,6,White Wine
1863,6.5,0.26,0.27,12.9,0.044,69,215,0.9967,3.17,0.43,10,6,White Wine
1720,8.5,0.28,0.34,13.8,0.041,32,161,0.9981,3.13,0.4,9.9,6,White Wine
5272,6.5,0.17,0.31,1.5,0.041,34,121,0.99092,3.06,0.46,10.5,6,White Wine
591,10.3,0.32,0.45,6.4,0.073,5,13,0.9976,3.23,0.82,12.6,8,Red Wine
6185,6.8,0.19,0.4,9.85,0.055,41,103,0.99532,2.98,0.56,10.5,6,White Wine
2322,7.1,0.27,0.31,18.2,0.046,55,252,1,3.07,0.56,8.7,5,White Wine
3510,6.5,0.63,0.33,1.8,0.059,16,28,0.99531,3.36,0.64,10.1,6,Red Wine
207,6.2,0.25,0.25,1.4,0.03,35,105,0.9912,3.3,0.44,11.1,7,White Wine
4262,7.1,0.23,0.35,16.5,0.04,60,171,0.999,3.16,0.59,9.1,6,White Wine
6255,12.4,0.35,0.49,2.6,0.079,27,69,0.9994,3.12,0.75,10.4,6,Red Wine
3421,8.2,0.27,0.43,1.6,0.035,31,128,0.9916,3.1,0.5,12.3,6,White Wine
4089,8.2,0.345,1,18.2,0.047,55,205,0.99965,2.96,0.43,9.6,5,White Wine
5249,7.7,0.715,0.01,2.1,0.064,31,43,0.99371,3.41,0.57,11.8,6,Red Wine
1910,6.9,0.25,0.24,3.6,0.057,13,85,0.9942,2.99,0.48,9.5,4,White Wine
2860,7,0.36,0.32,10.5,0.045,35,135,0.9935,3.09,0.33,11.6,8,White Wine
216,7,0.35,0.17,1.1,0.049,7,119,0.99297,3.13,0.36,9.7,6,White Wine
24,7.3,0.28,0.36,12.7,0.04,38,140,0.998,3.3,0.79,9.6,6,White Wine
4163,7.4,0.64,0.07,1.8,0.1,8,23,0.9961,3.3,0.58,9.6,5,Red Wine
3026,5.4,0.595,0.1,2.8,0.042,26,80,0.9932,3.36,0.38,9.3,5,White Wine
5103,6.2,0.51,0.14,1.9,0.056,15,34,0.99396,3.48,0.57,11.5,6,Red Wine
2282,7.4,0.23,0.38,8.6,0.052,41,150,0.99534,3.06,0.46,10.3,5,White Wine
1740,7.2,0.16,0.29,1,0.031,40,123,0.98958,3.12,0.4,12.1,7,White Wine
6118,6,0.67,0.07,1.2,0.06,9,108,0.9931,3.11,0.35,8.7,4,White Wine
4387,6.4,0.31,0.31,12.9,0.045,55,161,0.99546,3.02,0.59,10.2,5,White Wine
5846,7,0.3,0.27,1.5,0.076,24,145,0.99344,3.1,0.52,10.1,5,White Wine
5118,7.4,0.22,0.33,2,0.045,31,101,0.9931,3.42,0.55,11.4,5,White Wine
3781,9,0.82,0.05,2.4,0.081,26,96,0.99814,3.36,0.53,10,5,Red Wine
2775,5.6,0.26,0.27,10.6,0.03,27,119,0.9947,3.4,0.34,10.7,7,White Wine
2603,6.7,0.27,0.31,15.7,0.036,44,179,0.9979,3.26,0.56,9.6,5,White Wine
6176,5.7,0.16,0.26,6.3,0.043,28,113,0.9936,3.06,0.58,9.9,6,White Wine
5736,6.1,0.28,0.16,1.3,0.06,36,126,0.99353,3.13,0.46,8.7,6,White Wine
6356,8.4,0.56,0.04,2,0.082,10,22,0.9976,3.22,0.44,9.6,5,Red Wine
1162,6.8,0.22,0.35,17.5,0.039,38,153,0.9994,3.24,0.42,9,6,White Wine
5814,7.3,0.22,0.49,9.9,0.031,48,161,0.9937,3.01,0.28,11.2,6,White Wine
4075,6.8,0.27,0.42,7.3,0.054,58,200,0.99556,3.12,0.49,9.4,6,White Wine
5541,6.3,0.27,0.25,5.8,0.038,52,155,0.995,3.28,0.38,9.4,6,White Wine
623,7.1,0.17,0.4,14.55,0.047,47,156,0.99945,3.34,0.78,9.1,6,White Wine
770,6.8,0.18,0.3,12.8,0.062,19,171,0.99808,3,0.52,9,7,White Wine
5659,6.4,0.33,0.3,7.2,0.041,42,168,0.99331,3.22,0.49,11.1,6,White Wine
4051,10.3,0.41,0.42,2.4,0.213,6,14,0.9994,3.19,0.62,9.5,6,Red Wine
1241,6.8,0.32,0.28,4.8,0.034,25,100,0.99026,3.08,0.47,12.4,7,White Wine
2711,5,0.33,0.16,1.5,0.049,10,97,0.9917,3.48,0.44,10.7,6,White Wine
821,9.3,0.43,0.44,1.9,0.085,9,22,0.99708,3.28,0.55,9.5,5,Red Wine
4403,9.4,0.27,0.53,2.4,0.074,6,18,0.9962,3.2,1.13,12,7,Red Wine
1198,7.5,0.17,0.71,11.8,0.038,52,148,0.99801,3.03,0.46,8.9,5,White Wine
5268,6.9,0.32,0.26,8.3,0.053,32,180,0.9965,3.25,0.51,9.2,6,White Wine
2997,4.4,0.54,0.09,5.1,0.038,52,97,0.99022,3.41,0.4,12.2,7,White Wine
5661,5.8,0.3,0.42,1.1,0.036,19,113,0.98871,3.1,0.46,12.6,7,White Wine
2595,9.4,0.4,0.47,2.5,0.087,6,20,0.99772,3.15,0.5,10.5,5,Red Wine
807,7.8,0.82,0.29,4.3,0.083,21,64,0.99642,3.16,0.53,9.4,5,Red Wine
3465,7.7,0.39,0.12,1.7,0.097,19,27,0.99596,3.16,0.49,9.4,5,Red Wine
2121,7.5,0.15,0.38,1.8,0.054,19,101,0.9946,3.24,0.44,10,5,White Wine
4393,7.2,0.2,0.61,16.2,0.043,14,103,0.9987,3.06,0.36,9.2,6,White Wine
3886,7.4,0.25,0.36,2.05,0.05,31,100,0.992,3.19,0.44,10.8,6,White Wine
730,6.6,0.24,0.38,8,0.042,56,187,0.99577,3.21,0.46,9.2,5,White Wine
6066,6.7,0.22,0.39,10.2,0.038,60,149,0.99725,3.17,0.54,10,7,White Wine
1795,7,0.23,0.33,1,0.043,46,110,0.99118,3.04,0.65,10.8,6,White Wine
1823,6.1,0.34,0.46,4.7,0.029,21,94,0.991,3.29,0.62,12.3,6,White Wine
3466,7.6,0.26,0.58,7.9,0.041,62,180,0.9966,3.07,0.38,9,5,White Wine
3611,7.4,0.29,0.48,12.8,0.037,61.5,182,0.99808,3.02,0.34,8.8,5,White Wine
4525,7.8,0.44,0.28,2.7,0.1,18,95,0.9966,3.22,0.67,9.4,5,Red Wine
199,7.9,0.37,0.3,2.7,0.029,64,158,0.9916,3.12,0.59,12,7,White Wine
1447,7,0.21,0.37,7.2,0.042,36,167,0.9958,3.26,0.56,9.8,6,White Wine
5181,5.7,0.14,0.3,5.4,0.045,26,105,0.99469,3.32,0.45,9.3,5,White Wine
2389,7.7,0.31,0.26,7.8,0.031,23,90,0.9944,3.13,0.5,10.4,5,White Wine
4961,6.8,0.34,0.74,2.8,0.088,23,185,0.9928,3.51,0.7,12,6,White Wine
3116,6.5,0.22,0.25,17.1,0.05,44,138,1.0001,3.3,0.37,8.8,5,White Wine
2850,6.6,0.42,0.33,2.8,0.034,15,85,0.99,3.28,0.51,13.4,6,White Wine
1954,9.5,0.59,0.44,2.3,0.071,21,68,0.9992,3.46,0.63,9.5,5,Red Wine
5208,5.7,0.28,0.28,2.2,0.019,15,65,0.9902,3.06,0.52,11.2,6,White Wine
6177,7.2,0.15,0.38,1.2,0.038,18,110,0.9917,3.19,0.43,11.1,6,White Wine
6376,6.9,0.14,0.38,1,0.041,22,81,0.99043,3.03,0.54,11.4,6,White Wine
4863,5,0.35,0.25,7.8,0.031,24,116,0.99241,3.39,0.4,11.3,6,White Wine
6180,6.6,0.26,0.46,6.9,0.047,59,183,0.99594,3.2,0.45,9.3,5,White Wine
1792,8.5,0.47,0.27,1.9,0.058,18,38,0.99518,3.16,0.85,11.1,6,Red Wine
1483,5.9,0.31,0.3,7.7,0.047,60,206,0.995,3.2,0.39,9.6,6,White Wine
6434,6.3,0.27,0.25,5.8,0.038,52,155,0.995,3.28,0.38,9.4,6,White Wine
197,6.1,0.27,0.32,1.1,0.034,24,110,0.9898,3.36,0.4,12.5,6,White Wine
894,7.5,0.27,0.36,7,0.036,45,164,0.9939,3.03,0.33,11,5,White Wine
6069,7.7,0.57,0.21,1.5,0.069,4,9,0.99458,3.16,0.54,9.8,6,Red Wine
5374,6.7,0.16,0.37,1.3,0.036,45,125,0.98964,3.19,0.51,12.4,7,White Wine
5566,6.7,0.27,0.12,1.3,0.041,62,138,0.9921,3.21,0.42,10,6,White Wine
136,6,0.24,0.32,6.3,0.03,34,129,0.9946,3.52,0.41,10.4,5,White Wine
2237,11.5,0.42,0.48,2.6,0.077,8,20,0.99852,3.09,0.53,11,5,Red Wine
6273,5.7,0.36,0.34,4.2,0.026,21,77,0.9907,3.41,0.45,11.9,6,White Wine
2257,7.4,0.16,0.3,1.4,0.064,34,166,0.99136,3.11,0.42,11.43333333,6,White Wine
1392,7.9,0.18,0.4,2.2,0.049,38,67,0.996,3.33,0.93,11.3,5,Red Wine
6435,8.8,0.37,0.48,2.1,0.097,39,145,0.9975,3.04,1.03,9.3,5,Red Wine
5496,6,0.28,0.25,1.8,0.042,8,108,0.9929,3.08,0.55,9,5,White Wine
3419,6.4,0.28,0.41,6.8,0.045,61,216,0.9952,3.09,0.46,9.4,5,White Wine
168,7.3,0.18,0.65,1.4,0.046,28,157,0.9946,3.33,0.62,9.4,6,White Wine
6004,7,0.32,0.34,1.3,0.042,20,69,0.9912,3.31,0.65,12,7,White Wine
2852,7.6,0.32,0.36,1.6,0.04,32,155,0.993,3.23,0.52,11.3,6,White Wine
4272,9.5,0.39,0.41,8.9,0.069,18,39,0.99859,3.29,0.81,10.9,7,Red Wine
1561,6.2,0.21,0.52,6.5,0.047,28,123,0.99418,3.22,0.49,9.9,6,White Wine
4419,6.7,0.16,0.64,2.1,0.059,24,52,0.99494,3.34,0.71,11.2,6,Red Wine
508,7.9,0.19,0.45,1.5,0.045,17,96,0.9917,3.13,0.39,11,6,White Wine
3186,6.4,0.17,0.27,6.7,0.036,88,223,0.9948,3.28,0.35,10.2,6,White Wine
5918,5.8,0.13,0.22,12.7,0.058,24,183,0.9956,3.32,0.42,11.7,6,White Wine
5149,7.6,0.665,0.1,1.5,0.066,27,55,0.99655,3.39,0.51,9.3,5,Red Wine
1777,6.8,0.15,0.41,12.9,0.044,79.5,182,0.99742,3.24,0.78,10.2,6,White Wine
3361,7.9,0.18,0.33,1.2,0.033,20,72,0.9922,3.12,0.38,10.5,7,White Wine
146,6.6,0.25,0.36,8.1,0.045,54,180,0.9958,3.08,0.42,9.2,5,White Wine
5393,6.4,0.27,0.45,8.3,0.05,52,196,0.9955,3.18,0.48,9.5,5,White Wine
4317,6.8,0.26,0.22,7.7,0.047,57,210,0.9959,3.1,0.47,9,5,White Wine
6484,6.8,0.27,0.35,7.8,0.048,76,197,0.9959,3.24,0.43,9.5,6,White Wine
4605,7.2,0.23,0.39,2.3,0.033,29,102,0.9908,3.26,0.54,12.3,7,White Wine
2562,7.1,0.72,0,1.8,0.123,6,14,0.99627,3.45,0.58,9.8,5,Red Wine
6213,6.4,0.23,0.33,1.15,0.044,15.5,217.5,0.992,3.33,0.44,11,6,White Wine
5477,6.9,0.38,0.25,9.8,0.04,28,191,0.9971,3.28,0.61,9.2,5,White Wine
908,6.5,0.34,0.36,11,0.052,53,247,0.9984,3.44,0.55,9.3,6,White Wine
4652,9.2,0.34,0.27,1.2,0.026,17,73,0.9921,3.08,0.39,10.8,5,White Wine
4981,9.1,0.765,0.04,1.6,0.078,4,14,0.998,3.29,0.54,9.7,4,Red Wine
2813,6.8,0.63,0.04,1.3,0.058,25,133,0.99271,3.17,0.39,10.2,4,White Wine
5442,6.7,0.35,0.32,9,0.032,29,113,0.99188,3.13,0.65,12.9,7,White Wine
3695,7.2,0.25,0.28,14.4,0.055,55,205,0.9986,3.12,0.38,9,7,White Wine
6235,6.9,0.58,0.2,1.75,0.058,8,22,0.99322,3.38,0.49,11.7,5,Red Wine
3413,5.8,0.58,0,1.5,0.02,33,96,0.98918,3.29,0.38,12.4,6,White Wine
423,7.4,0.785,0.19,5.2,0.094,19,98,0.99713,3.16,0.52,9.566666667,6,Red Wine
3623,6.8,0.27,0.22,8.1,0.034,55,203,0.9961,3.19,0.52,8.9,5,White Wine
3734,7.4,0.53,0.12,1.9,0.165,4,12,0.99702,3.26,0.86,9.2,5,Red Wine
3486,8.2,0.34,0.49,8,0.046,55,223,0.996,3.08,0.52,10.7,6,White Wine
3729,7.6,0.31,0.34,2.5,0.082,26,35,0.99356,3.22,0.59,12.5,7,Red Wine
967,8.2,0.23,0.37,1.3,0.042,39,117,0.9928,2.99,0.36,10,5,White Wine
4370,7.1,0.21,0.4,1.2,0.069,24,156,0.9928,3.42,0.43,10.6,6,White Wine
860,6.5,0.22,0.45,8,0.053,52,196,0.9959,3.23,0.48,9.1,6,White Wine
6187,7.1,0.59,0.02,2.3,0.082,24,94,0.99744,3.55,0.53,9.7,6,Red Wine
5203,6.6,0.58,0.02,2.4,0.069,19,40,0.99387,3.38,0.66,12.6,6,Red Wine
433,6.6,0.32,0.27,10.9,0.041,37,146,0.9963,3.24,0.47,10,5,White Wine
4905,5.6,0.29,0.05,0.8,0.038,11,30,0.9924,3.36,0.35,9.2,5,White Wine
6237,6,0.5,0,1.4,0.057,15,26,0.99448,3.36,0.45,9.5,5,Red Wine
5294,7.4,0.635,0.1,2.4,0.08,16,33,0.99736,3.58,0.69,10.8,7,Red Wine
1429,6.7,0.44,0.31,1.9,0.03,41,104,0.99,3.29,0.62,12.6,7,White Wine
4297,8.3,0.39,0.7,10.6,0.045,33,169,0.9976,3.09,0.57,9.4,5,White Wine
3929,6.5,0.18,0.41,14.2,0.039,47,129,0.99678,3.28,0.72,10.3,7,White Wine
2546,7.9,0.18,0.37,1.2,0.04,16,75,0.992,3.18,0.63,10.8,5,White Wine
6107,8.4,0.19,0.43,2.1,0.052,20,104,0.994,2.85,0.46,9.5,5,White Wine
329,7.1,0.24,0.41,17.8,0.046,39,145,0.9998,3.32,0.39,8.7,5,White Wine
3612,8.1,0.38,0.48,1.8,0.157,5,17,0.9976,3.3,1.05,9.4,5,Red Wine
209,8.6,0.8,0.11,2.3,0.084,12,31,0.9979,3.4,0.48,9.9,5,Red Wine
6074,6,0.29,0.21,15.55,0.043,20,142,0.99658,3.11,0.54,10.1,6,White Wine
3968,7.3,0.26,0.31,1.6,0.04,39,173,0.9918,3.19,0.51,11.4,6,White Wine
1040,5.6,0.5,0.09,2.3,0.049,17,99,0.9937,3.63,0.63,13,5,Red Wine
6250,7,0.5,0.14,1.8,0.078,10,23,0.99636,3.53,0.61,10.4,5,Red Wine
164,6.8,0.57,0.29,2.2,0.04,15,77,0.9938,3.32,0.74,10.2,5,White Wine
606,6.5,0.29,0.3,9.15,0.051,25,166,0.99339,3.24,0.56,11.33333333,6,White Wine
5311,7,0.13,0.37,12.85,0.042,36,105,0.99581,3.05,0.55,10.7,6,White Wine
1219,6.8,0.18,0.3,12.8,0.062,19,171,0.99808,3,0.52,9,7,White Wine
1331,6.6,0.19,0.35,1.5,0.037,37,107,0.99006,3.18,0.68,12,7,White Wine
4232,9.3,0.34,0.49,7.3,0.052,30,146,0.998,3.17,0.61,10.2,5,White Wine
952,4.2,0.215,0.23,5.1,0.041,64,157,0.99688,3.42,0.44,8,3,White Wine
4955,6.7,0.46,0.24,1.7,0.077,18,34,0.9948,3.39,0.6,10.6,6,Red Wine
3165,8.2,0.37,0.27,1.7,0.028,10,59,0.9923,2.97,0.48,10.4,5,White Wine
6011,5.3,0.585,0.07,7.1,0.044,34,145,0.9945,3.34,0.57,9.7,6,White Wine
2798,7.2,0.62,0.06,2.7,0.077,15,85,0.99746,3.51,0.54,9.5,5,Red Wine
5207,6.5,0.19,0.34,1.6,0.029,39,116,0.98954,3.21,0.68,12.5,6,White Wine
160,7.9,0.69,0.21,2.1,0.08,33,141,0.9962,3.25,0.51,9.9,5,Red Wine
2195,6.1,0.31,0.37,8.4,0.031,70,170,0.9934,3.42,0.4,11.7,8,White Wine
4680,8.7,0.3,0.59,1.7,0.046,10,70,0.99373,3.06,0.56,10.8,4,White Wine
1111,5.8,0.22,0.29,0.9,0.034,34,89,0.98936,3.14,0.36,11.1,7,White Wine
3085,5.8,0.29,0.15,1.1,0.029,12,83,0.9898,3.3,0.4,11.4,6,White Wine
5713,8.4,0.65,0.6,2.1,0.112,12,90,0.9973,3.2,0.52,9.2,5,Red Wine
5240,6.7,0.33,0.42,6.4,0.058,27,151,0.9954,3.16,0.44,9.6,5,White Wine
1908,9.9,0.54,0.26,2,0.111,7,60,0.99709,2.94,0.98,10.2,5,Red Wine
2999,7.3,0.18,0.65,1.4,0.046,28,157,0.9946,3.33,0.62,9.4,6,White Wine
2763,8.1,0.38,0.28,2.1,0.066,13,30,0.9968,3.23,0.73,9.7,7,Red Wine
732,8.2,0.23,0.4,7.5,0.049,12,76,0.9966,3.06,0.84,9.7,6,White Wine
5028,7.3,0.18,0.29,1,0.036,26,101,0.99,3.09,0.37,11.7,6,White Wine
281,7,0.17,0.37,1.5,0.028,26,75,0.9922,3.3,0.46,10.8,7,White Wine
4896,8.2,0.24,0.3,2.3,0.05,23,106,0.99397,2.98,0.5,10,5,White Wine
3854,5,0.55,0.14,8.3,0.032,35,164,0.9918,3.53,0.51,12.5,8,White Wine
4566,6.8,0.15,0.3,5.3,0.05,40,127,0.9942,3.4,0.39,9.7,6,White Wine
1308,6,0.26,0.15,1.2,0.053,35,124,0.99347,3.08,0.46,8.8,5,White Wine
3396,7.7,0.16,0.41,1.7,0.048,60,173,0.9932,3.24,0.66,11.2,7,White Wine
5654,6,0.34,0.29,6.1,0.046,29,134,0.99462,3.48,0.57,10.7,6,White Wine
5347,6.8,0.28,0.39,1.4,0.036,15,115,0.9918,3.27,0.72,11.7,5,White Wine
595,7.8,0.56,0.19,2.1,0.081,15,105,0.9962,3.33,0.54,9.5,5,Red Wine
647,6.4,0.39,0.21,1.2,0.041,35,136,0.99225,3.15,0.46,10.2,5,White Wine
4040,6.5,0.18,0.34,1.6,0.04,43,148,0.9912,3.32,0.59,11.5,8,White Wine
573,6.7,0.21,0.32,5.4,0.047,29,140,0.995,3.39,0.46,9.7,6,White Wine
5637,5.7,0.24,0.47,6.3,0.069,35,182,0.99391,3.11,0.46,9.733333333,5,White Wine
256,5.8,0.23,0.27,1.8,0.043,24,69,0.9933,3.38,0.31,9.4,6,White Wine
3208,6.8,0.24,0.4,1.8,0.047,34,105,0.99,3.13,0.49,12.8,8,White Wine
3279,8.3,0.21,0.49,19.8,0.054,50,231,1.0012,2.99,0.54,9.2,5,White Wine
5259,7.8,0.28,0.22,1.4,0.056,24,130,0.9944,3.28,0.48,9.5,5,White Wine
1028,8.3,0.2,0.49,1.7,0.04,34,169,0.9938,3.05,0.37,10.1,5,White Wine
4444,5.4,0.46,0.15,2.1,0.026,29,130,0.98953,3.39,0.77,13.4,8,White Wine
2989,6.7,0.45,0.3,5.3,0.036,27,165,0.99122,3.12,0.46,12.2,6,White Wine
5402,8.5,0.19,0.48,1.1,0.026,23,58,0.99184,2.9,0.5,10.5,6,White Wine
586,7.1,0.37,0.67,10.5,0.045,49,155,0.9975,3.16,0.44,8.7,5,White Wine
5940,8.6,0.16,0.38,3.4,0.04,41,143,0.9932,2.95,0.39,10.2,6,White Wine
5102,8.3,0.33,0.42,2.3,0.07,9,20,0.99426,3.38,0.77,12.7,7,Red Wine
3291,7.1,0.23,0.39,13.7,0.058,26,172,0.99755,2.9,0.46,9,6,White Wine
2867,7.7,0.39,0.12,1.7,0.097,19,27,0.99596,3.16,0.49,9.4,5,Red Wine
739,6.8,0.25,0.34,14,0.032,47,133,0.9952,3.37,0.5,12.2,7,White Wine
4969,7.2,0.2,0.61,16.2,0.043,14,103,0.9987,3.06,0.36,9.2,6,White Wine
4882,6.5,0.33,0.28,6.1,0.018,41,103,0.99122,3.24,0.32,12.2,6,White Wine
3445,7.3,0.23,0.41,14.6,0.048,73,223,0.99863,3.16,0.71,9.4,6,White Wine
5410,9.2,0.32,0.42,1.3,0.046,14,186,0.9949,3.08,0.48,9.6,5,White Wine
437,5.7,0.1,0.27,1.3,0.047,21,100,0.9928,3.27,0.46,9.5,5,White Wine
3898,6.5,0.24,0.24,1.6,0.046,15,60,0.9928,3.19,0.39,9.8,5,White Wine
4011,7,0.24,0.34,1.4,0.031,27,107,0.99,3.06,0.39,11.9,6,White Wine
1847,8.2,0.38,0.49,13.6,0.042,58,166,0.99855,3.1,0.54,9.4,5,White Wine
1532,7.4,0.37,0.43,2.6,0.082,18,82,0.99708,3.33,0.68,9.7,6,Red Wine
1020,6.4,0.21,0.28,5.9,0.047,29,101,0.99278,3.15,0.4,11,6,White Wine
941,5.9,0.37,0.14,6.3,0.036,34,185,0.9944,3.17,0.63,9.8,5,White Wine
2903,6.9,0.25,0.24,1.8,0.053,6,121,0.993,3.23,0.7,11.4,5,White Wine
449,7.4,0.24,0.29,10.1,0.05,21,105,0.9962,3.13,0.35,9.5,5,White Wine
3398,5,0.29,0.54,5.7,0.035,54,155,0.98976,3.27,0.34,12.9,8,White Wine
5610,6.5,0.27,0.26,11,0.03,2,82,0.99402,3.07,0.36,11.2,5,White Wine
3125,7,0.27,0.74,1.5,0.036,27,122,0.9926,3.35,0.48,11.2,6,White Wine
816,6.2,0.28,0.22,7.3,0.041,26,157,0.9957,3.44,0.64,9.8,7,White Wine
2107,7.8,0.24,0.32,12.2,0.054,42,138,0.9984,3.01,0.54,8.8,5,White Wine
6480,7.2,0.21,0.37,1.6,0.049,23,94,0.9924,3.16,0.48,10.9,7,White Wine
1690,10.2,0.44,0.88,6.2,0.049,20,124,0.9968,2.99,0.51,9.9,4,White Wine
5756,7.8,0.18,0.31,12.2,0.053,46,140,0.998,3.06,0.53,8.9,6,White Wine
4259,6.8,0.32,0.43,1.6,0.05,4,65,0.99346,3.27,0.47,10.7,5,White Wine
3642,6.6,0.61,0,1.6,0.069,4,8,0.99396,3.33,0.37,10.4,4,Red Wine
945,7.6,0.23,0.26,15.3,0.067,32,166,0.9986,3.03,0.44,9.2,4,White Wine
5226,7.5,0.2,0.47,16.9,0.052,51,188,0.99944,3.09,0.62,9.3,5,White Wine
201,6.9,0.18,0.3,2,0.038,39,190,0.9914,3.32,0.37,12.2,6,White Wine
1805,8.2,0.28,0.42,1.8,0.031,30,93,0.9917,3.09,0.39,11.4,5,White Wine
1862,6.45,0.14,0.42,1.2,0.05,51,129,0.99116,3.27,0.69,11.1,7,White Wine
550,7,0.44,0.24,12.1,0.056,68,210,0.99718,3.05,0.5,9.5,5,White Wine
3751,6.6,0.2,0.14,4.4,0.184,35,168,0.99396,2.93,0.45,9.4,6,White Wine
1672,13,0.32,0.65,2.6,0.093,15,47,0.9996,3.05,0.61,10.6,5,Red Wine
2040,6.3,0.27,0.37,7.9,0.047,58,215,0.99542,3.19,0.48,9.5,6,White Wine
903,7.4,0.16,0.27,15.5,0.05,25,135,0.9984,2.9,0.43,8.7,7,White Wine
5840,12.4,0.4,0.51,2,0.059,6,24,0.9994,3.04,0.6,9.3,6,Red Wine
504,9.9,0.44,0.46,2.2,0.091,10,41,0.99638,3.18,0.69,11.9,6,Red Wine
6105,6.8,0.83,0.09,1.8,0.074,4,25,0.99534,3.38,0.45,9.6,5,Red Wine
5896,7.7,0.27,0.61,12,0.046,64,179,0.9982,3.07,0.46,8.9,5,White Wine
3811,6.1,0.32,0.24,1.5,0.036,38,124,0.9898,3.29,0.42,12.4,7,White Wine
1479,6.1,0.2,0.17,1.6,0.048,46,129,0.991,3.3,0.43,11.4,6,White Wine
5593,8,0.38,0.44,1.9,0.098,6,15,0.9956,3.3,0.64,11.4,6,Red Wine
5692,7.5,0.17,0.32,1.7,0.04,51,148,0.9916,3.21,0.44,11.5,7,White Wine
4496,10.5,0.43,0.35,3.3,0.092,24,70,0.99798,3.21,0.69,10.5,6,Red Wine
3128,5,0.33,0.16,1.5,0.049,10,97,0.9917,3.48,0.44,10.7,6,White Wine
3821,7.3,0.42,0.38,6.8,0.045,29,122,0.9925,3.19,0.37,12.6,7,White Wine
2711,5,0.33,0.16,1.5,0.049,10,97,0.9917,3.48,0.44,10.7,6,White Wine
280,5.9,0.3,0.23,4.2,0.038,42,119,0.9924,3.15,0.5,11,5,White Wine
1028,8.3,0.2,0.49,1.7,0.04,34,169,0.9938,3.05,0.37,10.1,5,White Wine
2660,7.9,0.66,0,1.4,0.096,6,13,0.99569,3.43,0.58,9.5,5,Red Wine
5100,7.6,0.2,0.31,1.4,0.047,41,142,0.9934,3.43,0.53,10.1,6,White Wine
2353,6,0.28,0.35,1.9,0.037,16,120,0.9933,3.16,0.69,10.6,5,White Wine
2391,6.1,0.4,0.18,9,0.051,28.5,259,0.9964,3.19,0.5,8.8,5,White Wine
5662,7.4,0.2,0.37,16.95,0.048,43,190,0.9995,3.03,0.42,9.2,6,White Wine
153,7.9,0.65,0.01,2.5,0.078,17,38,0.9963,3.34,0.74,11.7,7,Red Wine
3860,6.1,0.36,0.26,8.15,0.035,14,88,0.99031,3.06,0.27,13,7,White Wine
2405,6.2,0.17,0.3,1.1,0.037,14,79,0.993,3.5,0.54,10.3,6,White Wine
2745,8.4,0.62,0.12,1.8,0.072,38,46,0.99504,3.38,0.89,11.8,6,Red Wine
4503,9.6,0.21,0.28,1.2,0.038,12,53,0.9926,2.8,0.46,10.6,5,White Wine
1053,8,0.62,0.35,2.8,0.086,28,52,0.997,3.31,0.62,10.8,5,Red Wine
2977,6.2,0.2,0.49,1.6,0.065,17,143,0.9937,3.22,0.52,9.2,6,White Wine
5491,9.9,0.35,0.55,2.1,0.062,5,14,0.9971,3.26,0.79,10.6,5,Red Wine
3893,7.3,0.35,0.24,2,0.067,28,48,0.99576,3.43,0.54,10,4,Red Wine
2679,6.7,0.54,0.13,2,0.076,15,36,0.9973,3.61,0.64,9.8,5,Red Wine
2995,7.2,0.66,0.03,2.3,0.078,16,86,0.99743,3.53,0.57,9.7,5,Red Wine
4950,8,0.81,0.25,3.4,0.076,34,85,0.99668,3.19,0.42,9.2,5,Red Wine
4103,6.6,0.3,0.3,4.8,0.17,60,166,0.9946,3.18,0.47,9.4,5,White Wine
2665,7.2,0.36,0.36,5.7,0.038,26,98,0.9914,2.93,0.59,12.5,7,White Wine
3057,7.9,0.26,0.41,15.15,0.04,38,216,0.9976,2.96,0.6,10,6,White Wine
6281,5.8,0.2,0.34,1,0.035,40,86,0.98993,3.5,0.42,11.7,5,White Wine
3968,7.3,0.26,0.31,1.6,0.04,39,173,0.9918,3.19,0.51,11.4,6,White Wine
851,6.7,0.5,0.38,7.5,0.046,26,175,0.99662,3.32,0.54,9.6,5,White Wine
1400,6.9,0.23,0.38,8.3,0.047,47,162,0.9954,3.34,0.52,10.5,7,White Wine
5028,7.3,0.18,0.29,1,0.036,26,101,0.99,3.09,0.37,11.7,6,White Wine
3793,6.4,0.18,0.74,11.9,0.046,54,168,0.9978,3.58,0.68,10.1,5,White Wine
3331,6.3,0.26,0.42,7.1,0.045,62,209,0.99544,3.2,0.53,9.5,6,White Wine
126,7.3,0.26,0.33,11.8,0.057,48,127,0.99693,3.1,0.55,10,6,White Wine
5930,6,0.26,0.26,2.2,0.035,10,72,0.989465,3.11,0.48,12.15,6,White Wine
577,8,0.59,0.16,1.8,0.065,3,16,0.9962,3.42,0.92,10.5,7,Red Wine
5652,7.1,0.28,0.28,8.5,0.03,25,191,0.99338,3.16,0.46,12.2,7,White Wine
804,5.5,0.335,0.3,2.5,0.071,27,128,0.9924,3.14,0.51,9.6,6,White Wine
5444,7.9,0.19,0.26,2.1,0.039,8,143,0.9942,3.05,0.74,9.8,5,White Wine
3024,8.6,0.27,0.46,6.1,0.032,13,41,0.993,2.89,0.34,10.9,5,White Wine
112,7.1,0.29,0.34,7.8,0.036,49,128,0.99397,3.21,0.4,10.7,6,White Wine
1967,8.4,0.6,0.1,2.2,0.085,14,111,0.9964,3.15,0.66,9.8,5,Red Wine
650,7.2,0.16,0.35,1.2,0.031,27,84,0.9928,3.33,0.34,9.9,5,White Wine
4333,6.7,0.3,0.44,18.75,0.057,65,224,0.99956,3.11,0.53,9.1,5,White Wine
1384,7.7,0.16,0.49,2,0.056,20,124,0.9948,3.32,0.49,10.7,6,White Wine
5086,6.5,0.24,0.32,7.6,0.038,48,203,0.9958,3.45,0.54,9.7,7,White Wine
5979,6.9,0.4,0.14,2.4,0.085,21,40,0.9968,3.43,0.63,9.7,6,Red Wine
5675,7.6,0.48,0.31,2.8,0.07,4,15,0.99693,3.22,0.55,10.3,6,Red Wine
63,7.7,0.32,0.48,2.3,0.04,28,114,0.9911,3.2,0.52,12.8,7,White Wine
3999,6.3,0.26,0.21,4,0.03,24,125,0.9915,3.06,0.34,10.7,6,White Wine
3988,7.4,0.25,0.29,2.2,0.054,19,49,0.99666,3.4,0.76,10.9,7,Red Wine
2502,7.3,0.51,0.26,3.3,0.09,7,135,0.9944,3.01,0.52,8.8,5,White Wine
5385,6.9,0.4,0.56,11.2,0.043,40,142,0.9975,3.14,0.46,8.7,5,White Wine
3516,12.2,0.45,0.49,1.4,0.075,3,6,0.9969,3.13,0.63,10.4,5,Red Wine
4699,7,0.45,0.34,19.8,0.04,12,67,0.9976,3.07,0.38,11,6,White Wine
2671,6.4,0.31,0.4,6.2,0.04,46,169,0.9953,3.15,0.46,9.3,6,White Wine
5539,7.3,0.25,0.27,3.8,0.047,16,79,0.99173,3.07,0.46,11.3,6,White Wine
2387,6.3,0.39,0.16,1.4,0.08,11,23,0.9955,3.34,0.56,9.3,5,Red Wine
1868,8,0.52,0.25,2,0.078,19,59,0.99612,3.3,0.48,10.2,5,Red Wine
5394,6.6,0.39,0.28,9.2,0.036,10,92,0.99206,3.07,0.35,12.1,6,White Wine
3441,5.7,0.26,0.24,17.8,0.059,23,124,0.99773,3.3,0.5,10.1,5,White Wine
2274,7.4,0.2,0.37,1.2,0.028,28,89,0.99132,3.14,0.61,11.8,6,White Wine
5345,8.1,0.26,0.3,7.8,0.049,39,152,0.9954,2.99,0.58,10,6,White Wine
1963,7.3,0.22,0.4,14.75,0.042,44.5,129.5,0.9998,3.36,0.41,9.1,7,White Wine
5763,7.6,0.67,0.14,1.5,0.074,25,168,0.9937,3.05,0.51,9.3,5,White Wine
2956,6.5,0.3,0.32,2,0.044,34,90,0.99185,3.37,0.68,11,7,White Wine
3898,6.5,0.24,0.24,1.6,0.046,15,60,0.9928,3.19,0.39,9.8,5,White Wine
3969,7.3,0.19,0.27,13.9,0.057,45,155,0.99807,2.94,0.41,8.8,8,White Wine
4903,6.6,0.22,0.58,1.1,0.133,52,136,0.9932,3.1,0.3,9.1,5,White Wine
5144,6.6,0.22,0.23,17.3,0.047,37,118,0.99906,3.08,0.46,8.8,6,White Wine
698,6.6,0.26,0.22,18.15,0.05,23,139,0.99904,3.06,0.5,9.2,5,White Wine
292,7.1,0.17,0.43,1.3,0.023,33,132,0.99067,3.11,0.56,11.7,6,White Wine
837,6,0.39,0.13,1.2,0.042,60,172,0.99114,3.06,0.52,10.6,5,White Wine
6278,7.7,0.27,0.34,1.8,0.028,26,168,0.9911,2.99,0.48,12.1,7,White Wine
4099,9,0.45,0.49,2.6,0.084,21,75,0.9987,3.35,0.57,9.7,5,Red Wine
5346,6.6,0.7,0.08,2.6,0.106,14,27,0.99665,3.44,0.58,10.2,5,Red Wine
4776,6.6,0.38,0.15,4.6,0.044,25,78,0.9931,3.11,0.38,10.2,6,White Wine
5537,7.2,0.27,0.27,2.4,0.048,30,149,0.9936,3.1,0.51,9.2,6,White Wine
4122,6.5,0.26,0.24,10.8,0.042,47,130,0.996,3.08,0.4,10.1,6,White Wine
736,7.3,0.32,0.35,1.4,0.05,8,163,0.99244,3.24,0.42,10.7,5,White Wine
2296,9.1,0.795,0,2.6,0.096,11,26,0.9994,3.35,0.83,9.4,6,Red Wine
4461,9.4,0.27,0.53,2.4,0.074,6,18,0.9962,3.2,1.13,12,7,Red Wine
1971,6.5,0.22,0.32,2.2,0.028,36,92,0.99076,3.27,0.59,11.9,7,White Wine
3273,7,0.15,0.3,13.3,0.049,46,120,0.99704,3.2,0.36,9.5,7,White Wine
5557,6.6,0.41,0.27,10.7,0.11,20,103,0.99672,3.08,0.41,9,6,White Wine
197,6.1,0.27,0.32,1.1,0.034,24,110,0.9898,3.36,0.4,12.5,6,White Wine
5025,15.5,0.645,0.49,4.2,0.095,10,23,1.00315,2.92,0.74,11.1,5,Red Wine
1671,8.2,0.74,0.09,2,0.067,5,10,0.99418,3.28,0.57,11.8,6,Red Wine
2685,7.3,0.26,0.33,17.85,0.049,41.5,195,1,3.06,0.44,9.1,7,White Wine
606,6.5,0.29,0.3,9.15,0.051,25,166,0.99339,3.24,0.56,11.33333333,6,White Wine
2120,7.2,0.37,0.4,11.6,0.032,34,214,0.9963,3.1,0.51,9.8,6,White Wine
4342,6.4,0.3,0.33,5.2,0.05,30,137,0.99304,3.26,0.58,11.1,5,White Wine
1159,7.4,0.19,0.3,12.8,0.053,48.5,229,0.9986,3.14,0.49,9.1,7,White Wine
1731,6.4,0.57,0.14,3.9,0.07,27,73,0.99669,3.32,0.48,9.2,5,Red Wine
2261,7.6,0.2,0.3,14.2,0.056,53,212.5,0.999,3.14,0.46,8.9,8,White Wine
3395,8.6,0.53,0.22,2,0.1,7,27,0.9967,3.2,0.56,10.2,6,Red Wine
6246,6.9,0.19,0.33,1.6,0.039,27,98,0.9898,3.09,0.46,12.3,7,White Wine
2375,5.8,0.35,0.29,3.2,0.034,41,151,0.9912,3.35,0.58,11.63333333,7,White Wine
595,7.8,0.56,0.19,2.1,0.081,15,105,0.9962,3.33,0.54,9.5,5,Red Wine
5343,7,0.28,0.32,1.7,0.038,27,128,0.99375,3.2,0.62,10.2,6,White Wine
2304,6.7,0.27,0.33,3.6,0.034,9,45,0.99144,3.08,0.4,10.5,6,White Wine
3717,7.5,0.32,0.49,1.7,0.031,44,109,0.9906,3.07,0.46,12.5,6,White Wine
3419,6.4,0.28,0.41,6.8,0.045,61,216,0.9952,3.09,0.46,9.4,5,White Wine
1131,7.1,0.18,0.39,14.5,0.051,48,156,0.99947,3.35,0.78,9.1,5,White Wine
6089,7.4,0.25,0.28,7.25,0.028,14,78,0.99238,2.94,0.37,11.5,7,White Wine
2003,6.5,0.28,0.35,15.4,0.042,55,195,0.9978,3.23,0.5,9.6,6,White Wine
3591,6.3,0.37,0.28,6.3,0.034,45,152,0.9921,3.29,0.46,11.6,7,White Wine
3221,5.9,0.27,0.29,11.4,0.036,31,115,0.9949,3.35,0.48,10.5,8,White Wine
2021,8.6,0.45,0.31,2.6,0.086,21,50,0.9982,3.37,0.91,9.9,6,Red Wine
5512,5.8,0.32,0.38,4.75,0.033,23,94,0.991,3.42,0.42,11.8,7,White Wine
1707,8.3,0.21,0.58,17.1,0.049,62,213,1.0006,3.01,0.51,9.3,6,White Wine
1582,6.1,0.64,0.02,2.4,0.069,26,46,0.99358,3.47,0.45,11,5,Red Wine
0,6.8,0.53,0.35,3.8,0.034,26,109,0.9906,3.26,0.57,12.7,8,White Wine
691,6.5,0.08,0.33,1.9,0.028,23,93,0.991,3.34,0.7,12,7,White Wine
5670,8.3,0.2,0.74,4.45,0.044,33,130,0.9924,3.25,0.42,12.2,6,White Wine
5209,6.5,0.58,0,2.2,0.096,3,13,0.99557,3.62,0.62,11.5,4,Red Wine
3146,7,0.31,0.29,1.4,0.037,33,128,0.9896,3.12,0.36,12.2,7,White Wine
2547,6.8,0.29,0.16,1.4,0.038,122.5,234.5,0.9922,3.15,0.47,10,4,White Wine
2786,8.5,0.18,0.3,1.1,0.028,34,95,0.99272,2.83,0.36,10,4,White Wine
2683,6.1,0.22,0.23,3.1,0.052,15,104,0.9948,3.14,0.42,8.7,5,White Wine
343,10.4,0.52,0.45,2,0.08,6,13,0.99774,3.22,0.76,11.4,6,Red Wine
4378,6.4,0.42,0.74,12.8,0.076,48,209,0.9978,3.12,0.58,9,6,White Wine
6176,5.7,0.16,0.26,6.3,0.043,28,113,0.9936,3.06,0.58,9.9,6,White Wine
3187,7,0.23,0.26,7.2,0.041,21,90,0.99509,3.22,0.55,9.5,6,White Wine
5985,7.2,0.53,0.13,2,0.058,18,22,0.99573,3.21,0.68,9.9,6,Red Wine
4524,7.7,0.43,1,19.95,0.032,42,164,0.99742,3.29,0.5,12,6,White Wine
827,6.6,0.34,0.28,1.3,0.035,32,90,0.9916,3.1,0.42,10.7,6,White Wine
1849,6.2,0.3,0.21,1.1,0.032,31,111,0.9889,2.97,0.42,12.2,6,White Wine
2221,7.8,0.4,0.49,7.8,0.06,34,162,0.9966,3.26,0.58,11.3,6,White Wine
5865,7.8,0.39,0.42,2,0.086,9,21,0.99526,3.39,0.66,11.6,6,Red Wine
3204,9.6,0.38,0.31,2.5,0.096,16,49,0.9982,3.19,0.7,10,7,Red Wine
3513,6,0.28,0.24,17.8,0.047,42,111,0.99896,3.1,0.45,8.9,6,White Wine
93,7.3,0.55,0.03,1.6,0.072,17,42,0.9956,3.37,0.48,9,4,Red Wine
5521,9.2,0.35,0.39,0.9,0.042,15,61,0.9924,2.96,0.28,10.4,4,White Wine
2467,6,0.2,0.32,3,0.031,26,118,0.99134,3.38,0.68,11.2,7,White Wine
3778,7.1,0.36,0.56,1.3,0.046,25,102,0.9923,3.24,0.33,10.5,6,White Wine
404,6.1,0.28,0.24,19.95,0.074,32,174,0.99922,3.19,0.44,9.3,6,White Wine
5037,8.3,1.02,0.02,3.4,0.084,6,11,0.99892,3.48,0.49,11,3,Red Wine
1209,7.5,0.24,0.31,13.1,0.05,26,180,0.99884,3.05,0.53,9.1,6,White Wine
5071,7.4,0.21,0.27,1.2,0.041,27,99,0.9927,3.19,0.33,9.8,6,White Wine
375,8.9,0.48,0.53,4,0.101,3,10,0.99586,3.21,0.59,12.1,7,Red Wine
3945,9.1,0.33,0.38,1.7,0.062,50.5,344,0.9958,3.1,0.7,9.5,5,White Wine
2750,6.6,0.16,0.29,1.8,0.05,40,147,0.9912,3.06,0.44,11.4,7,White Wine
497,8.1,0.27,0.33,1.3,0.045,26,100,0.99066,2.98,0.44,12.4,6,White Wine
1438,6.5,0.35,0.28,12.4,0.051,86,213,0.9962,3.16,0.51,9.9,6,White Wine
5485,8.3,0.21,0.41,2.2,0.05,24,108,0.994,2.85,0.45,9.5,5,White Wine
5975,7.5,0.5,0.36,6.1,0.071,17,102,0.9978,3.35,0.8,10.5,5,Red Wine
738,6.4,0.18,0.74,11.9,0.046,54,168,0.9978,3.58,0.68,10.1,5,White Wine
4515,7.4,0.22,0.27,1.6,0.057,45,98,0.99299,3.29,0.44,9.9,7,White Wine
3290,8.4,0.16,0.33,1.5,0.033,16,98,0.994,3.14,0.42,9.7,6,White Wine
1975,8.2,0.18,0.49,1.1,0.033,28,81,0.9923,3,0.68,10.4,7,White Wine
1562,7.5,0.21,0.68,10.9,0.045,38,133,0.9978,3,0.36,8.7,5,White Wine
5494,6.9,0.41,0.33,10.1,0.043,28,152,0.9968,3.2,0.52,9.4,5,White Wine
5142,7.2,0.4,0.24,8.5,0.055,45,151,0.99626,3.2,0.52,9.2,5,White Wine
460,5.9,0.17,0.29,3.1,0.03,32,123,0.98913,3.41,0.33,13.7,7,White Wine
3674,8.3,0.3,0.36,10,0.042,33,169,0.9982,3.23,0.51,9.3,6,White Wine
3123,7,0.28,0.28,1.4,0.039,12,83,0.99173,3.18,0.65,11.1,5,White Wine
1838,6.6,0.23,0.26,1.3,0.045,16,128,0.9934,3.36,0.6,10,6,White Wine
1468,7,0.25,0.56,2,0.035,20,95,0.9918,3.23,0.53,11,6,White Wine
6138,8.5,0.49,0.11,2.3,0.084,9,67,0.9968,3.17,0.53,9.4,5,Red Wine
6248,7.7,0.28,0.3,2,0.062,18,34,0.9952,3.28,0.9,11.3,7,Red Wine
4736,7.9,0.21,0.39,2,0.057,21,138,0.99176,3.05,0.52,10.9,5,White Wine
3466,7.6,0.26,0.58,7.9,0.041,62,180,0.9966,3.07,0.38,9,5,White Wine
4043,7.2,0.21,0.36,15.7,0.045,68,183,0.99922,3.25,0.76,9.4,5,White Wine
6029,6.6,0.25,0.25,1.3,0.04,28,85,0.98984,2.87,0.48,11.2,6,White Wine
4423,8.8,0.39,0.35,1.8,0.096,22,80,0.99016,2.95,0.54,12.6,6,White Wine
4702,7.4,0.21,0.3,8.1,0.047,13,114,0.9941,3.12,0.35,10.5,6,White Wine
5638,6.7,0.37,0.25,2.5,0.028,24,84,0.9909,3.14,0.36,11.7,6,White Wine
5534,5.8,0.26,0.3,2.6,0.034,75,129,0.9902,3.2,0.38,11.5,4,White Wine
5647,6.4,0.27,0.49,7.3,0.046,53,206,0.9956,3.24,0.43,9.2,6,White Wine
6313,8.7,0.69,0,3.2,0.084,13,33,0.9992,3.36,0.45,9.4,5,Red Wine
6310,8.1,0.78,0.1,3.3,0.09,4,13,0.99855,3.36,0.49,9.5,5,Red Wine
5429,5.7,0.21,0.25,1.1,0.035,26,81,0.9902,3.31,0.52,11.4,6,White Wine
2987,7.4,0.24,0.42,14,0.066,48,198,0.9979,2.89,0.42,8.9,6,White Wine
4690,8.1,0.5,0.47,1.1,0.037,23,126,0.9938,3.21,0.42,10.9,5,White Wine
3463,6.3,0.28,0.24,8.45,0.031,32,172,0.9958,3.39,0.57,9.7,7,White Wine
3292,7.2,0.21,0.31,10.5,0.035,36,122,0.99478,3.12,0.4,10.6,6,White Wine
2881,6,0.16,0.3,6.7,0.043,43,153,0.9951,3.63,0.46,10.6,5,White Wine
5801,7.8,0.46,0.26,1.9,0.088,23,53,0.9981,3.43,0.74,9.2,6,Red Wine
2908,6.4,0.31,0.53,8.8,0.057,36,221,0.99642,3.17,0.44,9.1,5,White Wine
334,6.1,0.19,0.25,4,0.023,23,112,0.9923,3.37,0.51,11.6,6,White Wine
741,6.6,0.28,0.42,8.2,0.044,60,196,0.99562,3.14,0.48,9.4,5,White Wine
1243,6.8,0.63,0.12,3.8,0.099,16,126,0.9969,3.28,0.61,9.5,5,Red Wine
100,6.7,0.34,0.54,16.3,0.047,44,181,0.9987,3.04,0.56,8.8,5,White Wine
2463,7.6,0.46,0.11,2.6,0.079,12,49,0.9968,3.21,0.57,10,5,Red Wine
2269,7.1,0.18,0.32,12.2,0.048,36,125,0.9967,2.92,0.54,9.4,6,White Wine
5298,8.9,0.84,0.34,1.4,0.05,4,10,0.99554,3.12,0.48,9.1,6,Red Wine
174,7.5,0.29,0.67,8.1,0.037,53,166,0.9966,2.9,0.41,8.9,6,White Wine
605,7.8,0.16,0.41,1.7,0.026,29,140,0.991,3.02,0.78,12.5,6,White Wine
3745,6.7,0.28,0.34,8.9,0.048,32,111,0.99455,3.25,0.54,11,7,White Wine
4876,6.3,0.28,0.3,6.6,0.208,60,154,0.99478,3.1,0.4,9.4,6,White Wine
3808,6.7,0.54,0.28,5.4,0.06,21,105,0.9949,3.27,0.37,9,5,White Wine
1769,7,0.32,0.29,4.9,0.036,41,150,0.99168,3.38,0.43,12.2,6,White Wine
848,6.1,0.16,0.29,6,0.03,29,144,0.99474,3.68,0.46,10.7,6,White Wine
1090,8,0.17,0.29,2.4,0.029,52,119,0.98944,3.03,0.33,12.9,6,White Wine
5576,7.3,0.73,0.24,1.9,0.108,18,102,0.9967,3.26,0.59,9.3,5,Red Wine
5107,8.3,0.49,0.43,2.5,0.036,32,116,0.9944,3.23,0.47,10.7,6,White Wine
2173,8.3,0.23,0.3,2.1,0.049,21,153,0.9953,3.09,0.5,9.6,6,White Wine
1162,6.8,0.22,0.35,17.5,0.039,38,153,0.9994,3.24,0.42,9,6,White Wine
4720,7.4,0.28,0.3,5.3,0.054,44,161,0.9941,3.12,0.48,10.3,6,White Wine
1179,6.8,0.23,0.31,2.8,0.047,40,122,0.99126,3.06,0.64,10.9,7,White Wine
696,6.5,0.31,0.14,7.5,0.044,34,133,0.9955,3.22,0.5,9.5,5,White Wine
4417,7.1,0.44,0.37,2.7,0.041,35,128,0.9896,3.07,0.43,13.5,7,White Wine
2496,6.4,0.35,0.28,1.1,0.055,9,160,0.99405,3.42,0.5,9.1,7,White Wine
2757,7.6,0.52,0.49,14,0.034,37,156,0.9958,3.14,0.38,11.8,7,White Wine
3928,7.5,0.24,0.49,9.4,0.048,50,149,0.9962,3.17,0.59,10.5,7,White Wine
4047,7.1,0.22,0.32,16.9,0.056,49,158,0.9998,3.37,0.38,9.6,6,White Wine
2051,7.9,0.34,0.44,6.5,0.027,47,126,0.99124,2.96,0.37,12.5,6,White Wine
3310,6.5,0.28,0.38,7.8,0.031,54,216,0.99154,3.03,0.42,13.1,6,White Wine
1747,4.5,0.19,0.21,0.95,0.033,89,159,0.99332,3.34,0.42,8,5,White Wine
2904,6,0.13,0.36,1.6,0.052,23,72,0.98974,3.1,0.5,11.5,7,White Wine
902,5.9,0.26,0.24,2.4,0.046,27,132,0.99234,3.63,0.73,11.3,5,White Wine
3868,6.1,0.34,0.31,12,0.053,46,238,0.9977,3.16,0.48,8.6,5,White Wine
4723,7.1,0.2,0.31,7.4,0.053,32,211,0.99587,3.31,0.59,10.4,6,White Wine
4998,6.8,0.43,0.3,3.5,0.033,27,135,0.9906,3,0.37,12,6,White Wine
4930,7.2,0.24,0.4,1.4,0.045,31,106,0.9914,2.88,0.38,10.8,6,White Wine
604,11.5,0.54,0.71,4.4,0.124,6,15,0.9984,3.01,0.83,11.8,7,Red Wine
3686,6.5,0.36,0.31,13.55,0.053,20,113,0.99544,3.2,0.56,11,6,White Wine
869,7.2,0.4,0.38,2.2,0.03,40,109,0.99075,3.27,0.46,12.6,6,White Wine
3451,7.2,0.605,0.02,1.9,0.096,10,31,0.995,3.46,0.53,11.8,6,Red Wine
3781,9,0.82,0.05,2.4,0.081,26,96,0.99814,3.36,0.53,10,5,Red Wine
5229,7.5,0.59,0.22,1.8,0.082,43,60,0.99499,3.1,0.42,9.2,5,Red Wine
1353,7.1,0.25,0.3,2.4,0.042,25,122,0.994,3.43,0.61,10.5,6,White Wine
100,6.7,0.34,0.54,16.3,0.047,44,181,0.9987,3.04,0.56,8.8,5,White Wine
4790,7.3,0.67,0.02,2.2,0.072,31,92,0.99566,3.32,0.68,11.06666667,6,Red Wine
845,5.7,0.6,0,1.4,0.063,11,18,0.99191,3.45,0.56,12.2,6,Red Wine
6037,6,0.16,0.22,1.6,0.042,36,106,0.9905,3.24,0.32,11.4,6,White Wine
5627,6.1,0.21,0.4,1.4,0.066,40.5,165,0.9912,3.25,0.59,11.9,6,Red Wine
671,6.4,0.24,0.22,1.5,0.038,38,157,0.9934,3.41,0.55,9.9,6,White Wine
3665,6.8,0.27,0.28,13.3,0.076,50,163,0.9979,3.03,0.38,8.6,6,White Wine
3107,6.9,0.37,0.28,13.8,0.031,34,137,0.9948,3.1,0.37,11.6,6,White Wine
237,6.8,0.25,0.27,10.7,0.076,47,154,0.9967,3.05,0.38,9,5,White Wine
6394,6.9,0.33,0.26,5,0.027,46,143,0.9924,3.25,0.43,11.2,7,White Wine
1305,7.2,0.21,0.33,3,0.036,35,132,0.9928,3.25,0.4,11,6,White Wine
21,7.5,0.33,0.38,8.7,0.126,49,199,0.99711,2.98,0.57,9.4,5,White Wine
1253,8.2,0.33,0.32,2.8,0.067,4,12,0.99473,3.3,0.76,12.8,7,Red Wine
6102,6,0.1,0.24,1.1,0.041,15,65,0.9927,3.61,0.61,10.3,7,White Wine
400,6.9,0.18,0.33,1,0.054,24,164,0.9926,3.42,0.51,10.5,5,White Wine
5273,6.9,0.23,0.32,16.4,0.045,62,153,0.9972,3.22,0.42,10.5,5,White Wine
1006,6.2,0.25,0.54,7,0.046,58,176,0.99454,3.19,0.7,10.4,5,White Wine
3191,6.7,0.5,0.36,11.5,0.096,18,92,0.99642,3.11,0.49,9.6,5,White Wine
1701,9.3,0.655,0.26,2,0.096,5,35,0.99738,3.25,0.42,9.6,5,Red Wine
5505,6.1,0.22,0.25,12.1,0.035,54,135,0.99481,3.21,0.4,10.7,5,White Wine
5509,8,0.61,0.38,12.1,0.301,24,220,0.9993,2.94,0.48,9.2,5,White Wine
1734,6.7,0.42,0.46,9.7,0.054,67,234,0.99848,3.23,0.5,9,5,White Wine
3418,8,0.25,0.49,9,0.044,31,185,0.998,3.34,0.49,10,6,White Wine
586,7.1,0.37,0.67,10.5,0.045,49,155,0.9975,3.16,0.44,8.7,5,White Wine
5046,7.1,0.18,0.32,12.2,0.048,36,125,0.9967,2.92,0.54,9.4,6,White Wine
830,7,0.28,0.39,8.7,0.051,32,141,0.9961,3.38,0.53,10.5,6,White Wine
1608,5.9,0.19,0.37,0.8,0.027,3,21,0.9897,3.09,0.31,10.8,5,White Wine
6343,7.4,0.26,0.43,6,0.022,22,125,0.9928,3.13,0.55,11.5,6,White Wine
3205,7.9,0.52,0.26,1.9,0.079,42,140,0.9964,3.23,0.54,9.5,5,Red Wine
4795,6.9,0.28,0.4,8.2,0.036,15,95,0.9944,3.17,0.33,10.2,5,White Wine
5290,6.3,0.27,0.23,2.9,0.047,13,100,0.9936,3.28,0.43,9.8,5,White Wine
4547,6.1,0.38,0.2,6.6,0.033,25,137,0.9938,3.3,0.69,10.4,6,White Wine
6282,6.7,0.24,0.41,2.9,0.039,48,122,0.99052,3.25,0.43,12,5,White Wine
4850,7.3,0.365,0.49,2.5,0.088,39,106,0.9966,3.36,0.78,11,5,Red Wine
1337,7.8,0.815,0.01,2.6,0.074,48,90,0.99621,3.38,0.62,10.8,5,Red Wine
3547,10.7,0.9,0.34,6.6,0.112,23,99,1.00289,3.22,0.68,9.3,5,Red Wine
5465,7.3,0.155,0.49,1.3,0.039,34,136,0.9926,3.14,0.77,10.5,6,White Wine
387,8.4,0.3,0.25,17.75,0.047,25,218,1.00016,2.98,0.66,9.1,5,White Wine
5245,5.6,0.23,0.29,3.1,0.023,19,89,0.99068,3.25,0.51,11.2,6,White Wine
2766,6.6,0.24,0.28,1.8,0.028,39,132,0.99182,3.34,0.46,11.4,5,White Wine
3922,9.2,0.43,0.52,2.3,0.083,14,23,0.9976,3.35,0.61,11.3,6,Red Wine
1221,8.5,0.3,0.28,3.1,0.054,54,174,0.99543,3.21,0.43,9.4,6,White Wine
5818,8.7,0.765,0.22,2.3,0.064,9,42,0.9963,3.1,0.55,9.4,5,Red Wine
1924,7.5,0.23,0.68,11,0.047,37,133,0.9978,2.99,0.38,8.8,5,White Wine
709,7,0.34,0.1,3.5,0.044,17,63,0.9937,3.01,0.39,9.2,5,White Wine
447,7.8,0.53,0.01,1.6,0.077,3,19,0.995,3.16,0.46,9.8,5,Red Wine
350,12.5,0.6,0.49,4.3,0.1,5,14,1.001,3.25,0.74,11.9,6,Red Wine
664,7.3,0.28,0.42,14.4,0.04,49,173,0.9994,3.28,0.82,9,7,White Wine
3715,6.3,0.21,0.58,10,0.081,34,126,0.9962,2.95,0.46,8.9,5,White Wine
4421,7.8,0.22,0.36,1.4,0.056,21,153,0.993,3.2,0.53,10.4,6,White Wine
424,7,0.53,0.43,6.1,0.029,6,76,0.99118,3.08,0.5,12.5,8,White Wine
4260,6.4,0.5,0.2,2.4,0.059,19,112,0.99314,3.18,0.4,9.2,6,White Wine
1201,6.4,0.31,0.28,1.5,0.037,12,119,0.9919,3.32,0.51,10.4,7,White Wine
3511,7,0.27,0.36,20.7,0.045,45,170,1.001,3,0.45,8.8,6,White Wine
2712,6.8,0.27,0.3,13,0.047,69,160,0.99705,3.16,0.5,9.6,6,White Wine
673,6.8,0.18,0.28,9.8,0.039,29,113,0.99406,3.11,0.45,10.9,7,White Wine
1938,7.6,0.27,0.25,13.9,0.05,45,199,0.9984,3.34,0.5,9.8,6,White Wine
4558,8.2,0.27,0.43,1.6,0.035,31,128,0.9916,3.1,0.5,12.3,6,White Wine
753,6.5,0.22,0.72,6.8,0.042,33,168,0.9958,3.12,0.36,9.2,6,White Wine
1973,7.3,0.91,0.1,1.8,0.074,20,56,0.99672,3.35,0.56,9.2,5,Red Wine
4843,6.1,0.4,0.31,0.9,0.048,23,170,0.993,3.22,0.77,9.5,6,White Wine
4142,6.6,0.25,0.24,1.7,0.048,26,124,0.9942,3.37,0.6,10.1,6,White Wine
2687,5.5,0.3,0.25,1.9,0.029,33,118,0.98972,3.36,0.66,12.5,6,White Wine
337,7.4,0.28,0.36,14.6,0.048,35,161,0.9968,3.14,0.56,10.6,5,White Wine
5277,7.1,0.16,0.44,2.5,0.068,17,31,0.99328,3.35,0.54,12.4,6,Red Wine
3596,5.8,0.3,0.38,4.9,0.039,22,86,0.98963,3.23,0.58,13.1,7,White Wine
3702,7.1,0.18,0.26,1.3,0.041,20,71,0.9926,3.04,0.74,9.9,6,White Wine
1838,6.6,0.23,0.26,1.3,0.045,16,128,0.9934,3.36,0.6,10,6,White Wine
2934,5.9,0.28,0.14,8.6,0.032,30,142,0.99542,3.28,0.44,9.5,6,White Wine
4384,8.1,0.28,0.49,1,0.04,32,148,0.9936,3.13,0.41,10,6,White Wine
115,5.8,0.27,0.4,1.2,0.076,47,130,0.99185,3.13,0.45,10.3,6,White Wine
5719,6.6,0.33,0.4,2.65,0.041,35,86,0.98916,3.11,0.39,13.3,7,White Wine
2684,7.9,0.29,0.31,7.35,0.034,37,154,0.9938,3.06,0.31,10.8,5,White Wine
4505,6.5,0.4,0.1,2,0.076,30,47,0.99554,3.36,0.48,9.4,6,Red Wine
3246,10,0.42,0.5,3.4,0.107,7,21,0.9979,3.26,0.93,11.8,6,Red Wine
2546,7.9,0.18,0.37,1.2,0.04,16,75,0.992,3.18,0.63,10.8,5,White Wine
4718,6.4,0.17,0.3,2.8,0.034,33,125,0.99152,3.03,0.49,10.4,6,White Wine
5696,8.6,0.26,0.41,2.2,0.049,29,111,0.9941,2.96,0.44,10,5,White Wine
3404,6.2,0.41,0.22,1.9,0.023,5,56,0.98928,3.04,0.79,13,7,White Wine
3958,6.9,0.35,0.55,11.95,0.038,22,111,0.99687,3.11,0.29,9.7,5,White Wine
2633,5.8,0.23,0.31,4.5,0.046,42,124,0.99324,3.31,0.64,10.8,6,White Wine
4242,9,0.22,0.49,10.4,0.048,52,195,0.9987,3.31,0.44,10.2,6,White Wine
2820,7.2,0.24,0.19,7.7,0.045,53,176,0.9958,3.17,0.38,9.5,5,White Wine
1799,5.9,0.3,0.3,2,0.03,38,142,0.98892,3.41,0.41,12.9,7,White Wine
2691,6.7,0.39,0.31,2.7,0.054,27,202,0.9948,3.46,0.57,10.5,6,White Wine
1072,7.7,0.26,0.51,2.6,0.045,26,159,0.99126,3,0.5,11.2,6,White Wine
3148,6.9,0.36,0.34,4.2,0.018,57,119,0.9898,3.28,0.36,12.7,9,White Wine
6437,10.9,0.21,0.49,2.8,0.088,11,32,0.9972,3.22,0.68,11.7,6,Red Wine
4212,6.7,0.29,0.45,14.3,0.054,30,181,0.99869,3.14,0.57,9.1,5,White Wine
1517,6.5,0.615,0,1.9,0.065,9,18,0.9972,3.46,0.65,9.2,5,Red Wine
1584,7,0.15,0.28,14.7,0.051,29,149,0.99792,2.96,0.39,9,7,White Wine
6253,6,0.38,0.26,3.5,0.035,38,111,0.98872,3.18,0.47,13.6,7,White Wine
2002,9.9,1.005,0.46,1.4,0.046,34,185,0.9966,3.02,0.49,10.2,4,White Wine
2227,6.2,0.52,0.08,4.4,0.071,11,32,0.99646,3.56,0.63,11.6,6,Red Wine
2609,6.4,0.41,0.24,14,0.048,24,113,0.9982,3.44,0.53,9.8,6,White Wine
3143,7,0.23,0.42,5.1,0.042,37,144,0.99518,3.5,0.59,10.2,6,White Wine
3505,7.2,0.57,0.05,2.3,0.081,16,36,0.99564,3.38,0.6,10.3,6,Red Wine
4078,6.2,0.3,0.32,1.3,0.054,27,183,0.99266,3.3,0.43,10.1,5,White Wine
5405,8.1,0.27,0.33,1.3,0.045,26,100,0.99066,2.98,0.44,12.4,6,White Wine
4611,6.1,0.15,0.35,15.8,0.042,55,158,0.99642,3.24,0.37,10.6,5,White Wine
74,8,0.22,0.28,14,0.053,83,197,0.9981,3.14,0.45,9.8,6,White Wine
3393,5.8,0.22,0.25,1.5,0.024,21,109,0.99234,3.37,0.58,10.4,6,White Wine
6007,6.3,0.27,0.49,1.2,0.063,35,92,0.9911,3.38,0.42,12.2,6,White Wine
3604,7,0.29,0.37,4.9,0.034,26,127,0.9928,3.17,0.44,10.8,6,White Wine
3280,6.8,0.27,0.22,17.8,0.034,16,116,0.9989,3.07,0.53,9.2,5,White Wine
5162,7.5,0.34,0.28,4,0.028,46,100,0.98958,3.2,0.5,13.2,7,White Wine
5618,10.2,0.42,0.57,3.4,0.07,4,10,0.9971,3.04,0.63,9.6,5,Red Wine
28,6.9,0.29,0.23,8.6,0.056,56,215,0.9967,3.17,0.44,8.8,5,White Wine
1434,6.7,0.2,0.41,9.1,0.044,50,166,0.9954,3.14,0.58,9.8,6,White Wine
2903,6.9,0.25,0.24,1.8,0.053,6,121,0.993,3.23,0.7,11.4,5,White Wine
3252,10,0.31,0.47,2.6,0.085,14,33,0.99965,3.36,0.8,10.5,7,Red Wine
6448,7.4,0.33,0.44,7.6,0.05,40,227,0.99679,3.12,0.52,9,5,White Wine
6082,5.8,0.32,0.38,4.75,0.033,23,94,0.991,3.42,0.42,11.8,7,White Wine
1638,6.9,0.15,0.29,2.3,0.033,14,82,0.99132,3.1,0.58,11.2,7,White Wine
777,7.4,0.37,0.26,9.6,0.05,33,134,0.99608,3.13,0.46,10.4,5,White Wine
3444,6.8,0.17,0.35,1.8,0.04,29,84,0.98961,2.91,0.57,12,7,White Wine
5865,7.8,0.39,0.42,2,0.086,9,21,0.99526,3.39,0.66,11.6,6,Red Wine
4953,6.9,0.34,0.36,1.4,0.032,13,145,0.99214,3.07,0.52,9.8,5,White Wine
5500,6.9,0.32,0.16,1.4,0.051,15,96,0.994,3.22,0.38,9.5,4,White Wine
885,6,0.59,0,0.8,0.037,30,95,0.99032,3.1,0.4,10.9,4,White Wine
612,6.2,0.6,0.08,2,0.09,32,44,0.9949,3.45,0.58,10.5,5,Red Wine
4186,6.6,0.29,0.73,2.2,0.027,21,92,0.99,3.12,0.48,12.4,6,White Wine
1092,8.3,0.26,0.42,2,0.08,11,27,0.9974,3.21,0.8,9.4,6,Red Wine
617,6.2,0.25,0.47,11.6,0.048,62,210,0.9968,3.19,0.5,9.5,5,White Wine
1546,7.3,0.66,0,2,0.084,6,23,0.9983,3.61,0.96,9.9,6,Red Wine
4108,6.1,0.16,0.37,1.1,0.031,37,97,0.9922,3.4,0.58,10.5,6,White Wine
5736,6.1,0.28,0.16,1.3,0.06,36,126,0.99353,3.13,0.46,8.7,6,White Wine
2273,5.7,0.25,0.27,11.5,0.04,24,120,0.99411,3.33,0.31,10.8,6,White Wine
2469,6.2,0.45,0.73,7.2,0.099,47,202,0.99582,3.21,0.43,9.2,5,White Wine
4263,6.6,0.21,0.36,0.8,0.034,48,113,0.99165,3.24,0.68,10.5,6,White Wine
928,8.3,0.4,0.41,8.2,0.05,15,122,0.9979,3.39,0.49,9.3,5,White Wine
1402,6.8,0.35,0.32,2.4,0.048,35,103,0.9911,3.28,0.46,12,8,White Wine
3361,7.9,0.18,0.33,1.2,0.033,20,72,0.9922,3.12,0.38,10.5,7,White Wine
922,7.1,0.2,0.35,3.2,0.034,21,107,0.99195,3.11,0.54,11.1,6,White Wine
99,7,0.36,0.35,2.5,0.048,67,161,0.99146,3.05,0.56,11.1,6,White Wine
2354,9.7,0.53,0.6,2,0.039,5,19,0.99585,3.3,0.86,12.4,6,Red Wine
2392,7.7,0.32,0.61,11.8,0.041,66,188,0.99794,3,0.54,9.3,5,White Wine
5908,9.2,0.25,0.34,1.2,0.026,31,93,0.9916,2.93,0.37,11.3,7,White Wine
4830,6.2,0.26,0.2,8,0.047,35,111,0.99445,3.11,0.42,10.4,6,White Wine
1608,5.9,0.19,0.37,0.8,0.027,3,21,0.9897,3.09,0.31,10.8,5,White Wine
5394,6.6,0.39,0.28,9.2,0.036,10,92,0.99206,3.07,0.35,12.1,6,White Wine
5529,7.5,0.3,0.71,1.3,0.16,44,149,0.9948,3.08,0.42,8.9,5,White Wine
920,6.4,0.25,0.57,1,0.062,21,122,0.99238,3,0.4,9.5,5,White Wine
3306,6.5,0.26,0.31,1.3,0.034,59,145,0.98944,3.16,0.54,12.4,6,White Wine
5755,8.9,0.32,0.31,2,0.088,12,19,0.9957,3.17,0.55,10.4,6,Red Wine
284,7.3,0.41,0.29,1.8,0.032,26,74,0.98889,2.96,0.35,13,8,White Wine
5784,6.6,0.27,0.33,1.4,0.042,24,183,0.99215,3.29,0.46,10.7,5,White Wine
3730,6.8,0.18,0.3,12.8,0.062,19,171,0.99808,3,0.52,9,7,White Wine
6316,8.6,0.49,0.29,2,0.11,19,133,0.9972,2.93,1.98,9.8,5,Red Wine
2349,7.3,0.4,0.28,6.5,0.037,26,97,0.99148,3.16,0.58,12.6,7,White Wine
2870,5.7,0.26,0.27,4.1,0.201,73.5,189.5,0.9942,3.27,0.38,9.4,6,White Wine
0,6.8,0.53,0.35,3.8,0.034,26,109,0.9906,3.26,0.57,12.7,8,White Wine
2186,8.9,0.22,0.48,1.8,0.077,29,60,0.9968,3.39,0.53,9.4,6,Red Wine
4803,5.6,0.46,0.24,4.8,0.042,24,72,0.9908,3.29,0.37,12.6,6,White Wine
6022,7.4,0.68,0.16,1.8,0.078,12,39,0.9977,3.5,0.7,9.9,6,Red Wine
5851,6.7,0.23,0.39,2.5,0.172,63,158,0.9937,3.11,0.36,9.4,6,White Wine
5987,6.3,0.33,0.42,17.2,0.037,57,170,0.99884,3.26,0.57,9.4,6,White Wine
2489,7.6,0.26,0.47,1.6,0.068,5,55,0.9944,3.1,0.45,9.6,5,White Wine
4038,7.5,0.27,0.31,5.8,0.057,131,313,0.9946,3.18,0.59,10.5,5,White Wine
2963,6.2,0.32,0.12,4.8,0.054,6,97,0.99424,3.16,0.5,9.3,5,White Wine
1186,8,0.25,0.13,17.2,0.036,49,219,0.9996,2.96,0.46,9.7,5,White Wine
2098,7.4,0.37,0.35,5.7,0.061,12,94,0.9965,3.48,0.69,10.7,6,White Wine
6386,5.1,0.33,0.22,1.6,0.027,18,89,0.9893,3.51,0.38,12.5,7,White Wine
4966,6.7,0.23,0.31,2.1,0.046,30,96,0.9926,3.33,0.64,10.7,8,White Wine
2068,7.7,0.54,0.26,1.9,0.089,23,147,0.99636,3.26,0.59,9.7,5,Red Wine
4726,6.9,0.23,0.34,4,0.047,24,128,0.9944,3.2,0.52,9.7,6,White Wine
2176,7.1,0.26,0.32,14.45,0.074,29,107,0.998,2.96,0.42,9.2,6,White Wine
5604,6.9,0.2,0.3,4.7,0.041,40,148,0.9932,3.16,0.35,10.2,6,White Wine
4201,7,0.36,0.14,11.6,0.043,35,228,0.9977,3.13,0.51,8.9,5,White Wine
225,7.1,0.2,0.31,6.85,0.053,32,211,0.99587,3.31,0.59,10.4,6,White Wine
1807,6.3,0.2,0.26,12.7,0.046,60,143,0.99526,3.26,0.35,10.8,6,White Wine
3190,6.9,0.24,0.23,7.1,0.041,20,97,0.99246,3.1,0.85,11.4,6,White Wine
2199,8.6,0.49,0.28,1.9,0.11,20,136,0.9972,2.93,1.95,9.9,6,Red Wine
1932,7,0.14,0.49,5.9,0.053,22,118,0.9954,3.36,0.36,9.4,6,White Wine
3973,5.7,0.2,0.3,2.5,0.046,38,125,0.99276,3.34,0.5,9.9,6,White Wine
3841,6.9,0.24,0.33,1.7,0.035,47,136,0.99,3.26,0.4,12.6,7,White Wine
266,6,0.26,0.32,3.8,0.029,48,180,0.99011,3.15,0.34,12,6,White Wine
3078,5.7,0.26,0.24,17.8,0.059,23,124,0.99773,3.3,0.5,10.1,5,White Wine
5382,6.2,0.16,0.33,1.1,0.057,21,82,0.991,3.32,0.46,10.9,7,White Wine
614,6.4,0.24,0.28,11.5,0.05,34,163,0.9969,3.31,0.45,9.5,5,White Wine
4006,6.4,0.27,0.32,4.5,0.24,61,174,0.9948,3.12,0.48,9.4,5,White Wine
4427,7.2,0.3,0.3,8.7,0.022,14,111,0.99576,3.11,0.61,10.6,5,White Wine
5490,8.7,0.23,0.32,13.4,0.044,35,169,0.99975,3.12,0.47,8.8,7,White Wine
1365,6.7,0.43,0.23,5,0.157,49,145,0.99471,3.17,0.49,9.4,5,White Wine
3454,3.9,0.225,0.4,4.2,0.03,29,118,0.989,3.57,0.36,12.8,8,White Wine
2418,6.9,0.37,0.23,9.5,0.057,54,166,0.99568,3.23,0.42,10,5,White Wine
3330,7.2,0.43,0.24,6.7,0.058,40,163,0.995,3.2,0.41,9.9,5,White Wine
4765,6.2,0.31,0.21,6.3,0.041,50,218,0.9941,3.15,0.6,10,5,White Wine
5641,8.1,0.825,0.24,2.1,0.084,5,13,0.9972,3.37,0.77,10.7,6,Red Wine
627,5.7,0.24,0.47,6.3,0.069,35,182,0.99391,3.11,0.46,9.75,5,White Wine
968,7.8,0.18,0.46,12.6,0.042,41,143,1,3.24,0.76,8.5,8,White Wine
4485,5.8,0.12,0.21,1.3,0.056,35,121,0.9908,3.32,0.33,11.4,6,White Wine
181,6.8,0.19,0.4,9.85,0.055,41,103,0.99532,2.98,0.56,10.5,6,White Wine
2283,6.5,0.34,0.27,2.8,0.067,8,44,0.99384,3.21,0.56,12,6,Red Wine
4289,6.4,0.23,0.32,1.9,0.038,40,118,0.99074,3.32,0.53,11.8,7,White Wine
3134,6.8,0.43,0.26,5.2,0.043,40,176,0.99116,3.17,0.41,12.3,6,White Wine
2380,6.8,0.27,0.29,4.6,0.046,6,88,0.99458,3.34,0.48,10.6,4,White Wine
5781,7.7,0.32,0.61,11.8,0.041,66,188,0.99794,3,0.54,9.3,5,White Wine
120,6.2,0.37,0.24,6.1,0.032,19,86,0.98934,3.04,0.26,13.4,8,White Wine
5906,6.2,0.28,0.45,7.5,0.045,46,203,0.99573,3.26,0.46,9.2,6,White Wine
6489,9.9,0.63,0.24,2.4,0.077,6,33,0.9974,3.09,0.57,9.4,5,Red Wine
525,6.9,0.34,0.49,7.3,0.045,61,206,0.9957,3.09,0.4,9,6,White Wine
222,6.8,0.24,0.31,18.3,0.046,40,142,1,3.3,0.41,8.7,5,White Wine
3676,6.6,0.37,0.47,6.5,0.061,23,150,0.9954,3.14,0.45,9.6,6,White Wine
4332,6.7,0.15,0.32,7.9,0.034,17,81,0.99512,3.29,0.31,10,6,White Wine
2153,7.9,0.49,0.32,1.9,0.082,17,144,0.9968,3.2,0.55,9.5,5,Red Wine
3285,6.4,0.23,0.27,2.1,0.042,35,100,0.99094,3.03,0.63,10.9,6,White Wine
3590,7.9,0.51,0.25,2.9,0.077,21,45,0.9974,3.49,0.96,12.1,6,Red Wine
4708,7.1,0.29,0.28,9.3,0.048,50,141,0.9949,3.13,0.49,10.3,6,White Wine
3632,9.8,0.66,0.39,3.2,0.083,21,59,0.9989,3.37,0.71,11.5,7,Red Wine
1576,7.2,0.49,0.18,2.7,0.069,13,34,0.9967,3.29,0.48,9.2,6,Red Wine
922,7.1,0.2,0.35,3.2,0.034,21,107,0.99195,3.11,0.54,11.1,6,White Wine
6287,6.4,0.25,0.74,7.8,0.045,52,209,0.9956,3.21,0.42,9.2,6,White Wine
5055,6.8,0.66,0.07,1.6,0.07,16,61,0.99572,3.29,0.6,9.3,5,Red Wine
3557,5.1,0.33,0.22,1.6,0.027,18,89,0.9893,3.51,0.38,12.5,7,White Wine
3109,6.2,0.44,0.39,2.5,0.077,6,14,0.99555,3.51,0.69,11,6,Red Wine
4191,4.8,0.225,0.38,1.2,0.074,47,130,0.99132,3.31,0.4,10.3,6,White Wine
6496,8.8,0.47,0.49,2.9,0.085,17,110,0.9982,3.29,0.6,9.8,5,Red Wine
2544,8.2,0.635,0.1,2.1,0.073,25,60,0.99638,3.29,0.75,10.9,6,Red Wine
6352,8.2,0.31,0.43,7,0.047,18,87,0.99628,3.23,0.64,10.6,5,White Wine
6432,7.5,0.23,0.3,1.2,0.03,27,80,0.99192,3.05,0.68,10.5,5,White Wine
62,12,0.38,0.56,2.1,0.093,6,24,0.99925,3.14,0.71,10.9,6,Red Wine
2442,12.7,0.59,0.45,2.3,0.082,11,22,1,3,0.7,9.3,6,Red Wine
2444,7.6,0.36,0.31,1.7,0.079,26,65,0.99716,3.46,0.62,9.5,6,Red Wine
5725,12.6,0.38,0.66,2.6,0.088,10,41,1.001,3.17,0.68,9.8,6,Red Wine
5533,6.9,0.16,0.3,9.6,0.057,50,185,0.9978,3.39,0.38,9.6,6,White Wine
6490,6.5,0.29,0.25,10.6,0.039,32,120,0.9962,3.31,0.34,10.1,6,White Wine
2023,6.5,0.33,0.38,2.5,0.047,30,148,0.98964,3.17,0.43,12.7,6,White Wine
150,7.2,0.23,0.39,14.2,0.058,49,192,0.9979,2.98,0.48,9,7,White Wine
403,7.8,0.19,0.32,7.4,0.015,47,124,0.99278,2.99,0.39,11,6,White Wine
2437,5.1,0.26,0.34,6.4,0.034,26,99,0.99449,3.23,0.41,9.2,6,White Wine
2852,7.6,0.32,0.36,1.6,0.04,32,155,0.993,3.23,0.52,11.3,6,White Wine
4691,6.8,0.3,0.29,6.2,0.025,29,95,0.99071,3.03,0.32,12.9,7,White Wine
127,11.1,0.31,0.53,2.2,0.06,3,10,0.99572,3.02,0.83,10.9,7,Red Wine
1508,5.8,0.13,0.26,5.1,0.039,19,103,0.99478,3.36,0.47,9.3,6,White Wine
1797,7.5,0.38,0.33,9.2,0.043,19,116,0.99444,3.08,0.42,11.4,6,White Wine
2508,7.7,0.35,0.46,11.8,0.088,61,183,0.99786,2.86,0.47,9,5,White Wine
3825,8.1,0.31,0.24,1.6,0.032,10,67,0.9924,3.08,0.47,10.5,5,White Wine
1107,7.4,0.19,0.49,9.3,0.03,26,132,0.994,2.99,0.32,11,7,White Wine
3980,8.3,0.24,0.27,2.1,0.03,22,162,0.9914,2.99,0.68,11.9,6,White Wine
2022,6.5,0.24,0.38,1,0.027,31,90,0.98926,3.24,0.36,12.3,6,White Wine
1159,7.4,0.19,0.3,12.8,0.053,48.5,229,0.9986,3.14,0.49,9.1,7,White Wine
3252,10,0.31,0.47,2.6,0.085,14,33,0.99965,3.36,0.8,10.5,7,Red Wine
592,7.8,0.32,0.33,10.4,0.031,47,194,0.99692,3.07,0.58,9.6,6,White Wine
1024,6.7,0.66,0,13,0.033,32,75,0.99551,3.15,0.5,10.7,6,White Wine
3799,7.2,0.22,0.28,7.2,0.06,41,132,0.9935,3.08,0.59,11.3,6,White Wine
3715,6.3,0.21,0.58,10,0.081,34,126,0.9962,2.95,0.46,8.9,5,White Wine
4669,7.3,0.3,0.74,13.5,0.039,46,165,0.9982,3.02,0.4,8.7,5,White Wine
2371,8.1,1.33,0,1.8,0.082,3,12,0.9964,3.54,0.48,10.9,5,Red Wine
3216,8.3,0.34,0.4,2.4,0.065,24,48,0.99554,3.34,0.86,11,6,Red Wine
1904,6.8,0.36,0.32,1.8,0.067,4,8,0.9928,3.36,0.55,12.8,7,Red Wine
1481,6.8,0.27,0.22,17.8,0.034,16,116,0.9989,3.07,0.53,9.2,5,White Wine
116,6.9,0.18,0.36,1.3,0.036,40,117,0.9934,3.27,0.95,9.5,7,White Wine
741,6.6,0.28,0.42,8.2,0.044,60,196,0.99562,3.14,0.48,9.4,5,White Wine
824,12.8,0.615,0.66,5.8,0.083,7,42,1.0022,3.07,0.73,10,7,Red Wine
5438,7.4,0.33,0.26,15.6,0.049,67,210,0.99907,3.06,0.68,9.5,5,White Wine
5265,7.2,0.5,0.18,2.1,0.071,12,31,0.99761,3.52,0.72,9.6,6,Red Wine
1909,6.7,0.26,0.29,5.8,0.025,26,74,0.9929,3.28,0.53,11,6,White Wine
3593,7,0.2,0.34,2.1,0.049,12,136,0.9922,3.25,0.46,11.6,7,White Wine
4588,7.1,0.26,0.19,8.2,0.051,53,187,0.996,3.16,0.52,9.7,5,White Wine
5310,7.2,0.08,0.49,1.3,0.05,18,148,0.9945,3.46,0.44,10.2,6,White Wine
2127,6.9,0.29,0.16,6.8,0.034,65,212,0.9955,3.08,0.39,9,6,White Wine
742,7,0.43,0.3,2,0.085,6,39,0.99346,3.33,0.46,11.9,6,Red Wine
417,13,0.47,0.49,4.3,0.085,6,47,1.0021,3.3,0.68,12.7,6,Red Wine
1924,7.5,0.23,0.68,11,0.047,37,133,0.9978,2.99,0.38,8.8,5,White Wine
2960,6.5,0.17,0.33,1.4,0.028,14,99,0.9928,3.23,0.55,10.1,6,White Wine
2276,8.8,0.61,0.19,4,0.094,30,69,0.99787,3.22,0.5,10,6,Red Wine
1863,6.5,0.26,0.27,12.9,0.044,69,215,0.9967,3.17,0.43,10,6,White Wine
2414,7.1,0.43,0.25,2.8,0.036,43,132,0.98975,3.21,0.47,13.4,6,White Wine
7,7,0.39,0.21,10.7,0.098,13,91,0.99657,3.03,0.47,9.3,5,White Wine
790,6.3,0.24,0.37,1.8,0.031,6,61,0.9897,3.3,0.34,12.2,4,White Wine
1890,6.6,0.25,0.32,5.6,0.039,15,68,0.99163,2.96,0.52,11.1,6,White Wine
2206,8.1,0.26,0.27,4.3,0.03,43,123,0.99212,3.16,0.33,11.2,6,White Wine
1782,6.4,0.26,0.21,7.1,0.04,35,162,0.9956,3.39,0.58,9.9,6,White Wine
1616,6.6,0.27,0.3,1.9,0.025,14,153,0.9928,3.29,0.62,10.5,6,White Wine
1179,6.8,0.23,0.31,2.8,0.047,40,122,0.99126,3.06,0.64,10.9,7,White Wine
4591,5.5,0.23,0.19,2.2,0.044,39,161,0.99209,3.19,0.43,10.4,6,White Wine
626,7.4,0.27,0.26,11.8,0.053,55,173,0.99699,3.11,0.6,9.8,5,White Wine
6103,7.5,0.31,0.41,2.4,0.065,34,60,0.99492,3.34,0.85,11.4,6,Red Wine
5966,7.9,0.58,0.23,2.3,0.076,23,94,0.99686,3.21,0.58,9.5,6,Red Wine
4071,6.8,0.64,0.1,2.1,0.085,18,101,0.9956,3.34,0.52,10.2,5,Red Wine
798,9.4,0.59,0.14,2,0.084,25,48,0.9981,3.14,0.56,9.7,5,Red Wine
2138,6.5,0.15,0.44,12.6,0.052,65,158,0.99688,3.26,0.7,10.3,7,White Wine
6434,6.3,0.27,0.25,5.8,0.038,52,155,0.995,3.28,0.38,9.4,6,White Wine
2614,6.3,0.36,0.5,8.3,0.053,51,202,0.9955,3.2,0.51,9.6,6,White Wine
1873,6,0.25,0.4,5.7,0.052,56,152,0.99398,3.16,0.88,10.5,6,White Wine
4720,7.4,0.28,0.3,5.3,0.054,44,161,0.9941,3.12,0.48,10.3,6,White Wine
4517,11.9,0.37,0.69,2.3,0.078,12,24,0.9958,3,0.65,12.8,6,Red Wine
5188,11.7,0.45,0.63,2.2,0.073,7,23,0.99974,3.21,0.69,10.9,6,Red Wine
437,5.7,0.1,0.27,1.3,0.047,21,100,0.9928,3.27,0.46,9.5,5,White Wine
3085,5.8,0.29,0.15,1.1,0.029,12,83,0.9898,3.3,0.4,11.4,6,White Wine
6245,8.2,0.21,0.48,1.4,0.041,11,99,0.9958,3.17,0.57,9.9,5,White Wine
4883,7.7,0.63,0.08,1.9,0.076,15,27,0.9967,3.32,0.54,9.5,6,Red Wine
3336,7.9,0.72,0.17,2.6,0.096,20,38,0.9978,3.4,0.53,9.5,5,Red Wine
1745,11.4,0.36,0.69,2.1,0.09,6,21,1,3.17,0.62,9.2,6,Red Wine
5317,6.7,0.41,0.01,2.8,0.048,39,137,0.9942,3.24,0.35,9.5,5,White Wine
2428,7.2,0.25,0.32,1.5,0.047,27,132,0.9933,3.26,0.44,10.5,5,White Wine
100,6.7,0.34,0.54,16.3,0.047,44,181,0.9987,3.04,0.56,8.8,5,White Wine
1409,7.9,0.16,0.74,17.85,0.037,52,187,0.9998,2.99,0.41,9.3,5,White Wine
765,6,0.16,0.37,1.5,0.025,43,117,0.9928,3.46,0.51,9.7,6,White Wine
5277,7.1,0.16,0.44,2.5,0.068,17,31,0.99328,3.35,0.54,12.4,6,Red Wine
4997,6.2,0.33,0.27,4.9,0.036,30,134,0.9927,3.2,0.42,10.4,7,White Wine
4326,6.7,0.46,0.18,2.4,0.034,25,98,0.9896,3.08,0.44,12.6,7,White Wine
4600,7.3,0.25,0.36,13.1,0.05,35,200,0.9986,3.04,0.46,8.9,7,White Wine
6056,6.4,0.32,0.35,4.8,0.03,34,101,0.9912,3.36,0.6,12.5,8,White Wine
2710,9.6,0.25,0.54,1.3,0.04,16,160,0.9938,2.94,0.43,10.5,5,White Wine
3102,5.1,0.35,0.26,6.8,0.034,36,120,0.99188,3.38,0.4,11.5,6,White Wine
6399,8.8,0.66,0.26,1.7,0.074,4,23,0.9971,3.15,0.74,9.2,5,Red Wine
1796,7.7,0.11,0.34,14.05,0.04,41,114,0.99634,3.07,0.59,11,7,White Wine
4756,8.4,0.18,0.42,5.1,0.036,7,77,0.9939,3.16,0.52,11.7,5,White Wine
2634,7.1,0.39,0.3,9.9,0.037,29,124,0.99414,3.07,0.42,10.9,6,White Wine
123,6.9,0.4,0.56,11.2,0.043,40,142,0.9975,3.14,0.46,8.7,5,White Wine
6460,6.1,0.44,0.28,4.25,0.032,43,132,0.9916,3.26,0.47,11.3,7,White Wine
2789,6.2,0.32,0.24,4.1,0.051,34,149,0.99306,3.36,0.52,11,5,White Wine
5370,9,0.26,0.34,6.7,0.029,21,162,0.99497,3.08,0.5,10.6,6,White Wine
1629,7.4,0.58,0,2,0.064,7,11,0.99562,3.45,0.58,11.3,6,Red Wine
4777,6.7,0.46,0.21,4,0.034,12,88,0.99016,3.26,0.54,13,6,White Wine
5672,7.2,0.23,0.82,1.3,0.149,70,109,0.99304,2.93,0.42,9.2,6,White Wine
2236,7.6,0.19,0.37,13.1,0.033,52,151,0.99726,3.18,0.79,10.4,6,White Wine
1233,9.6,0.41,0.37,2.3,0.091,10,23,0.99786,3.24,0.56,10.5,5,Red Wine
4787,6.6,0.33,0.32,15.6,0.054,62,227,0.99734,3.25,0.56,10.4,5,White Wine
1320,6.7,0.41,0.34,9.2,0.049,29,150,0.9968,3.22,0.51,9.1,5,White Wine
6203,6.3,0.39,0.24,6.9,0.069,9,117,0.9942,3.15,0.35,10.2,4,White Wine
2538,6.9,0.4,0.3,10.6,0.033,24,87,0.99265,3.15,0.45,12.8,6,White Wine
1502,7.3,0.67,0.05,3.6,0.107,6,20,0.9972,3.4,0.63,10.1,5,Red Wine
2589,8,0.52,0.03,1.7,0.07,10,35,0.99575,3.34,0.57,10,5,Red Wine
6369,9.8,0.5,0.49,2.6,0.25,5,20,0.999,3.31,0.79,10.7,6,Red Wine
3749,8.7,0.31,0.73,14.35,0.044,27,191,1.00013,2.96,0.88,8.7,5,White Wine
4478,7.8,0.23,0.28,4.75,0.042,45,166,0.9928,2.96,0.4,11.5,5,White Wine
2264,6.6,0.61,0.01,1.9,0.08,8,25,0.99746,3.69,0.73,10.5,5,Red Wine
508,7.9,0.19,0.45,1.5,0.045,17,96,0.9917,3.13,0.39,11,6,White Wine
3137,6.1,0.44,0.28,4.25,0.032,43,132,0.9916,3.26,0.47,11.26666667,7,White Wine
3272,6.9,0.38,0.32,8.5,0.044,36,152,0.9932,3.38,0.35,12,7,White Wine
1408,7.4,0.16,0.27,15.5,0.05,25,135,0.9984,2.9,0.43,8.7,7,White Wine
1111,5.8,0.22,0.29,0.9,0.034,34,89,0.98936,3.14,0.36,11.1,7,White Wine
3877,7.3,0.22,0.37,14.3,0.063,48,191,0.9978,2.89,0.38,9,6,White Wine
5487,8.5,0.21,0.26,9.25,0.034,73,142,0.9945,3.05,0.37,11.4,6,White Wine
2495,6.1,0.36,0.58,15,0.044,42,115,0.9978,3.15,0.51,9,5,White Wine
2458,6.3,0.33,0.42,17.2,0.037,57,170,0.99884,3.26,0.57,9.4,6,White Wine
